address,name,customer_id,age,segment_id,gender
"285 Megan Meadows, Zhangborough, RI 85554",Misty Phillips,CUST1000,22,2,Male
"USNS Reynolds, FPO AP 94610",Jason Ramirez,CUST1001,53,3,Male
"USNV Massey, FPO AA 06898",Katherine Robinson,CUST1002,28,4,Male
"635 Heather Point Suite 867, Port Vanessamouth, CT 83414",Michelle Alvarado,CUST1003,22,1,Female
"634 Mason Mission Suite 344, North Markhaven, IN 00745",Donald Landry,CUST1004,25,4,Female
"18725 Elizabeth Rapids, Davidstad, MT 77948",Richard Humphrey,CUST1005,25,1,Female
"9598 Wilkerson Hill Apt. 383, Valdezside, UT 53750",Troy Pena,CUST1006,69,4,Female
"85709 Green Knolls Suite 225, Mooreport, WV 54554",Mary Harrison,CUST1007,46,3,Female
"9220 Audrey Hill, Hartfort, MN 36708",Mary Dillon,CUST1008,45,2,Male
"1359 Anna Prairie, North Kayla, NC 95958",Jeff Miller,CUST1009,67,4,Male
"7240 Campos Pine Suite 003, Port Charles, AK 32387",Theresa Lindsey,CUST1010,43,1,Female
"36939 Abigail Streets, New Sandrafurt, KS 84505",Anthony Williams,CUST1011,19,3,Male
"465 Jessica Causeway Suite 316, Franklinhaven, VA 06590",Sara Campbell,CUST1012,68,3,Male
"27592 Woodard Bridge Suite 106, Andrewfort, TX 67016",Terry Elliott,CUST1013,21,2,Female
"67704 Crystal Circles Suite 615, Wilsonberg, NJ 17311",Stacey Thomas,CUST1014,34,2,Male
"406 Jason Turnpike, West Joseph, KS 14686",Lisa Williams,CUST1015,70,3,Male
"243 Bruce Manor Apt. 160, Port Christopher, KY 99291",Troy Nguyen,CUST1016,63,4,Male
"70089 Richard Expressway Suite 882, East Jessica, WA 62050",Lauren Mitchell,CUST1017,47,2,Female
"92293 Rodriguez Junctions, New Tonyfort, VA 14656",Kelly Bowman,CUST1018,57,4,Male
"1647 Harris Stravenue Apt. 429, East Suzanne, AR 96756",Vanessa Gomez,CUST1019,55,4,Female
"817 Mason Trace Suite 427, Kaylastad, WA 76660",Shane Beltran,CUST1020,44,1,Male
"9002 Benjamin Mission Suite 907, Port Billy, WA 61914",Jenna Thomas,CUST1021,46,1,Male
"65945 Lopez Court, West Sarah, DC 07470",Sean Bernard,CUST1022,49,3,Female
"1365 Taylor Heights, Port Marcusside, HI 97734",Dr. Melanie Solomon,CUST1023,66,1,Female
"5090 Woodard Rapid Suite 869, Jimmystad, IL 04618",Jennifer Cruz,CUST1024,18,1,Male
"626 Ethan Parkway Apt. 795, Alexanderville, ME 90827",Rebecca Hill,CUST1025,66,2,Female
"Unit 1251 Box 6306, DPO AA 20985",Mark Hebert,CUST1026,50,4,Male
"91074 Courtney Cliffs Apt. 082, Lake Tyler, NH 20896",Mr. Aaron Wilson Jr.,CUST1027,64,1,Female
"609 Patrick Island, Teresafort, ME 45337",Jeffrey Walker,CUST1028,66,2,Male
"04538 Cox Flats, Alvarezstad, NY 43209",Kevin Huff,CUST1029,26,2,Male
"6380 Bonilla Stravenue Suite 423, South Kristy, NC 39724",Allison Ferguson,CUST1030,66,1,Female
"8707 Rodriguez Knoll Apt. 310, East Johnbury, ND 48374",Scott Davis,CUST1031,26,2,Male
"482 Cohen Harbors, West Isaiahbury, WI 18540",Alejandro Wilkerson,CUST1032,25,1,Male
"Unit 3784 Box 1153, DPO AP 84496",Trevor Barber,CUST1033,55,2,Male
"USNV Small, FPO AE 06002",Paul Mendoza,CUST1034,45,1,Female
"850 Kaitlin Drives, Meganshire, UT 61036",Robert Harding,CUST1035,66,1,Male
"90321 Hodges Plaza, Mendezbury, WV 45887",Javier Wilson,CUST1036,22,1,Male
"31751 Jones Village Apt. 349, Kristinmouth, NY 63714",Theresa Cole,CUST1037,57,2,Female
"PSC 7053, Box 9437, APO AP 99813",Larry Cohen,CUST1038,53,3,Female
"245 Doyle Island, Harrisborough, KY 19685",William Bell,CUST1039,53,1,Male
"76462 Spears Ramp, New Katherinefurt, CO 72297",Christopher Nelson,CUST1040,21,2,Female
"USNS Smith, FPO AP 61235",Sabrina Wallace,CUST1041,31,1,Male
"2366 James Pike Suite 756, West Carl, PA 64402",Joseph Holt,CUST1042,46,3,Male
"9850 Brenda Wells Apt. 062, East Christine, DC 92443",Traci Leon,CUST1043,50,4,Female
"3120 Sandoval Gateway Apt. 954, Bryanchester, HI 02438",Derek Kelly,CUST1044,49,1,Female
"50148 Matthew Crescent, Erintown, NY 66688",Ryan Rose,CUST1045,52,3,Female
"67145 Baker Route, Port Justinborough, AZ 65235",Michelle Webster,CUST1046,29,3,Male
"USCGC Orr, FPO AP 42400",Gary Rodriguez,CUST1047,54,3,Female
"07808 Robbins Ford Apt. 450, West Cindybury, UT 81146",Carmen Sampson,CUST1048,37,2,Male
"PSC 9351, Box 4072, APO AE 82457",Tina Webb,CUST1049,33,4,Male
"28777 Chambers Squares Suite 895, Dustinton, MD 40027",Alejandro Stewart,CUST1050,34,3,Male
"USNS Johnson, FPO AA 05460",Tracy Blevins,CUST1051,32,3,Female
"26299 Joshua Islands Apt. 070, Davisland, NY 39757",Cynthia Wallace,CUST1052,54,3,Male
"72521 Elizabeth Port, Melissafurt, AL 24156",Dr. Thomas Ryan,CUST1053,51,1,Male
"876 Harris Corners Suite 219, Lake Michaelstad, VA 03436",Christian Page,CUST1054,18,3,Male
"961 Samantha Extension, Lake Christopher, TX 00875",Craig Baker,CUST1055,23,1,Female
"4904 Smith Place Apt. 774, Brandonshire, CT 50777",Kevin Anderson,CUST1056,70,4,Female
"79868 Welch Fords, Lake Preston, NV 74107",Patricia Rose,CUST1057,69,4,Male
"429 Robinson Causeway Suite 883, Jacobsonside, LA 60948",Tyler Perry,CUST1058,41,2,Male
"731 Angela Meadows, East Ellenberg, ID 23657",Alexis Rangel,CUST1059,45,4,Female
"09192 Eric Wall Suite 159, Port Michael, AR 80207",Adam Mcclure,CUST1060,21,2,Female
"324 Stephanie Orchard Apt. 994, Jenniferberg, MO 13710",Mark Henry,CUST1061,67,2,Female
"37486 Mark Way Suite 478, Guerrerohaven, CT 30455",Randy Stokes,CUST1062,39,1,Female
"31705 Smith Dam Suite 765, West Sarahmouth, CO 03683",Justin Nelson,CUST1063,38,3,Female
"39451 Bennett Ridges Suite 652, East Rogermouth, MA 32533",James Wilson,CUST1064,53,4,Male
"518 Taylor Station, East Jeanne, PA 78434",John Patterson,CUST1065,62,1,Female
"718 Jason Land, Carriechester, AK 27974",Brian Garcia,CUST1066,52,1,Male
"9085 Mark Cove Suite 063, East Barbaramouth, MI 70179",Robert Fry,CUST1067,39,3,Female
"0200 Wiley Street, Fishermouth, MS 54915",Joshua Bryant,CUST1068,41,3,Male
"02127 Sandra Springs Suite 776, Port Michaelbury, MO 37965",Amanda Malone,CUST1069,55,4,Female
"48252 Amanda River, East Scottland, NE 41042",Ashley Hayes,CUST1070,67,2,Female
"81637 Robinson Gateway, South Aliciaport, OK 64685",Shannon Martin,CUST1071,63,2,Male
"442 Wright Mills Apt. 868, Millerchester, LA 27981",Steven Miller,CUST1072,27,4,Male
"683 Harris Road, Dunnhaven, CO 09486",Patrick Smith,CUST1073,65,3,Male
"67189 Powell Squares, New Stephen, NJ 83175",Becky Wilson,CUST1074,20,1,Female
"727 Dan Extension, Potterside, NY 22461",Daniel Olson,CUST1075,25,2,Female
"464 Floyd Rue Suite 564, Rodriguezberg, NM 95622",Derrick Mendoza,CUST1076,19,4,Male
"9881 Michael Courts, North Colleen, WV 80695",Ashley Foster,CUST1077,24,2,Male
"879 Michelle Course Suite 729, Williammouth, NC 29113",Nicholas Davis,CUST1078,40,4,Male
"1220 Casey Street Apt. 999, Bradfordburgh, HI 87021",Kevin Burns,CUST1079,65,3,Female
"PSC 8120, Box 5138, APO AE 28575",Amy Atkinson,CUST1080,69,1,Female
"94632 Padilla Cliff Apt. 393, Jonestown, WV 50872",Elizabeth Moore,CUST1081,30,4,Male
"74748 Perez Groves, Mirandamouth, TX 47091",Harry Keller,CUST1082,59,2,Male
"6695 Beverly Junctions, Garciaport, WA 36516",Jeffery Gomez,CUST1083,59,3,Male
"6105 William Spur Apt. 916, Lake Chelseaport, AZ 62619",Kevin Moore,CUST1084,66,4,Male
"USS Hooper, FPO AE 60561",Juan Brown,CUST1085,40,1,Male
"817 Simmons Burgs Apt. 514, Lake Maria, SC 50625",Steven Moon,CUST1086,67,1,Male
"USNS Blanchard, FPO AE 10305",Barbara Hampton,CUST1087,32,4,Female
"24915 Eric Road Suite 300, Danaborough, NV 39881",Theresa Gibson,CUST1088,62,1,Male
"293 Taylor Passage, Dwayneburgh, ME 23881",Tony Barrett,CUST1089,70,3,Female
"74252 Banks Stravenue, Annland, MO 12052",Tanya Cook,CUST1090,52,1,Female
"830 Dean Corner, Lake Andreaside, RI 67151",Derek Harding,CUST1091,61,3,Male
"677 Christopher Ridges Suite 698, Ashleybury, AR 92246",Maria Garrett,CUST1092,23,1,Male
"404 Griffin Lakes Suite 840, West Taylor, CO 47045",Dan Sanchez,CUST1093,38,1,Female
"91793 Mark Brook Apt. 778, Careyfort, OH 40680",Ashley Myers,CUST1094,52,3,Female
"583 Heather Extension, Stevenmouth, MA 64212",James Pope,CUST1095,19,2,Male
"081 Tyler Key, Matthewtown, IA 28646",Marvin Willis,CUST1096,34,1,Male
"5101 Adams Crossroad Suite 622, Arnoldton, HI 23380",Dawn Tran,CUST1097,41,4,Male
"89735 Dustin Run, New Ruth, NC 85203",Brittany Dominguez,CUST1098,67,1,Female
"USNV Young, FPO AA 80833",Victoria Proctor,CUST1099,32,4,Female
"PSC 7809, Box 2099, APO AE 30064",Julie Leonard,CUST1100,53,2,Male
"USS Fleming, FPO AA 17242",Tiffany Salazar,CUST1101,38,4,Male
"4405 Raymond Land, New Bradley, AR 53329",Joshua Burke,CUST1102,20,2,Male
"23040 Perkins Spur Suite 465, New Jim, UT 70076",Ronald Lowery,CUST1103,54,4,Female
"080 Ian Square, Howardshire, WA 40111",Alicia Gonzalez,CUST1104,68,3,Male
"506 Caleb Via, West Kristinaton, RI 17959",Amanda Bailey,CUST1105,64,2,Male
"308 Williams Cape Suite 319, North Elizabethshire, KS 93007",Kimberly Owens,CUST1106,52,3,Female
"4341 Frank Corners Suite 723, Priceside, ID 31329",Bradley Martinez,CUST1107,70,2,Male
"520 Evans Fords Apt. 303, Cortezfort, HI 54546",Jordan Reed,CUST1108,30,2,Male
"1199 Matthew Plaza, Lake Billyhaven, MI 96402",Nicole Williams,CUST1109,25,4,Male
"33844 Fox View, East Carolton, NY 10125",Katherine Hill,CUST1110,60,2,Male
"9811 Carter Rest Suite 883, Rodgersside, KY 46772",Heather Johnson,CUST1111,41,2,Female
"655 Michael Course, Matthewstown, MI 22413",Lisa Smith,CUST1112,57,1,Male
"75743 Hall Isle, North Joseph, KS 88868",Ms. Charlotte Marks DVM,CUST1113,66,2,Female
"7650 Baker Keys, South Gregory, WV 19493",Andrew Allen,CUST1114,39,3,Male
"57152 Justin Creek Suite 370, Robertstad, NE 83698",Eugene Martinez,CUST1115,47,3,Female
"PSC 6972, Box 0905, APO AP 73691",Daniel Turner,CUST1116,31,2,Male
"447 Weeks Junctions Apt. 719, West Kenneth, KY 44786",Jesse Jensen,CUST1117,36,2,Male
"271 Jason Prairie Suite 674, Port Elizabethville, NY 73958",Cheyenne Zuniga,CUST1118,68,4,Female
"1661 Gina Via, Williamsonbury, CA 21328",Tony Gray,CUST1119,67,4,Female
"1331 Nicholas Harbors Apt. 364, Santosburgh, HI 17373",Elizabeth Garcia,CUST1120,35,1,Female
"036 Kristin Lake Suite 209, North Kennethside, WA 65831",Kenneth Garner II,CUST1121,25,2,Female
"920 Miller Common Apt. 651, Ramirezborough, MO 05961",Dylan Cherry,CUST1122,65,1,Female
"57085 Turner Forest Apt. 451, Jacksonville, MA 33561",Nicole Smith,CUST1123,69,4,Female
"032 Lori Common Suite 080, Port David, GA 87543",Susan Sanders,CUST1124,64,2,Male
"58015 Adam Fork, Marietown, MN 97107",Jenna Andrews,CUST1125,26,3,Male
"6956 Bautista Estate, Jeremytown, ME 83800",Kevin Woodward,CUST1126,57,1,Male
"84495 Ruiz Stream Suite 861, New Wandafurt, ND 56553",Debra Jones,CUST1127,21,4,Male
"211 Michael Village, Lake John, SC 73194",Jeffrey Day,CUST1128,25,2,Male
"77005 Murphy Divide, Lake Julieton, SD 32611",Mr. Christopher Brown,CUST1129,54,3,Male
"416 Alvarez Fork Suite 273, South Ronald, RI 64914",Laura Ferrell,CUST1130,56,1,Male
"3267 Harper Estate, West Tylerfort, RI 22120",Kristen Trujillo,CUST1131,47,1,Female
"73191 Cruz Drive Suite 482, Ramirezshire, MA 26108",Thomas Dunn,CUST1132,42,1,Male
"5016 Kimberly Common, New Sarahfort, FL 18444",Dennis Campos,CUST1133,31,3,Male
"Unit 6886 Box 4792, DPO AE 29861",Sarah Smith,CUST1134,36,4,Female
"5027 Richard Plaza Apt. 016, Johnsontown, IL 35215",Jeffrey Bell,CUST1135,68,1,Male
"01708 Jacqueline Shores Suite 820, Lake Rickymouth, CA 78706",Jennifer Bartlett,CUST1136,32,4,Male
"Unit 0640 Box 9910, DPO AP 90501",Megan Cunningham,CUST1137,39,3,Female
"977 Lance Expressway Suite 752, South Brian, OR 82306",Veronica Shah,CUST1138,45,3,Male
"53603 Penny Heights Suite 233, Port Jeffrey, MS 03957",Jennifer Hogan,CUST1139,57,3,Male
"411 John Spring Suite 151, Howardmouth, MI 56415",James Walton,CUST1140,30,2,Male
"69197 Chelsea Unions Apt. 941, Yangville, CA 18228",Melissa Smith,CUST1141,58,2,Male
"285 Jason Locks, Port Derekbury, DC 24401",Sarah Wright,CUST1142,64,2,Female
"400 Bailey Throughway, South Ricardo, MO 13049",Deborah Stevens,CUST1143,69,4,Male
"52496 Franklin Lights, Danielborough, ID 15574",Andrea Dixon,CUST1144,18,1,Male
"0178 Flowers Crossing, Port Maxwellhaven, IA 63463",Jason Oconnor,CUST1145,49,4,Female
"544 Campbell Isle, Gutierrezton, ME 96748",Michael Pittman,CUST1146,21,1,Female
"94493 Gibson Cliffs Apt. 080, West Michael, WA 87385",Timothy Duran,CUST1147,30,2,Male
"PSC 8590, Box 1436, APO AA 94379",Derek Garcia,CUST1148,38,3,Female
"41384 Keith Oval, West Stacey, WY 75697",Donald Young,CUST1149,26,1,Male
"053 Michael Branch, Kramerton, MO 93793",Tyler Gonzales,CUST1150,62,3,Female
"04531 Susan Plaza, Kingstad, IL 83181",Cesar Chambers,CUST1151,46,4,Male
"PSC 8951, Box 7547, APO AP 13755",Kristen Brown,CUST1152,28,2,Female
"9778 Hernandez Street, West Edwardburgh, TX 67534",Jessica Rodriguez,CUST1153,61,4,Female
"933 Hopkins Groves Suite 457, Jacquelinetown, NH 98624",Jessica Torres,CUST1154,63,4,Female
"65586 Pamela Summit Suite 328, Danielsport, AK 66936",Tiffany King,CUST1155,29,2,Male
"64297 Erin Manors Apt. 866, Port Tracey, WA 12467",Tamara Brown,CUST1156,49,3,Male
"66152 Young Island, West Jerrymouth, AR 61628",Kristy Smith,CUST1157,55,2,Female
"2123 David Knolls, Fitzgeraldmouth, WA 76497",Rita Ray,CUST1158,31,1,Female
"14602 Hansen Station Apt. 345, West Christina, IA 33824",Christopher Nelson,CUST1159,64,3,Female
"09378 Johnathan Passage Suite 440, Alvaradoville, KS 76067",Erik Sanchez,CUST1160,31,4,Female
"439 Ramirez Spring, East Michael, MN 39398",Julie Green,CUST1161,59,4,Male
"659 Rose Terrace, East Mariamouth, NJ 71833",Maria Torres,CUST1162,70,1,Female
"USNS Ramos, FPO AE 89242",Angela Durham,CUST1163,21,3,Male
"PSC 1462, Box 2435, APO AE 49188",Brooke Johnson,CUST1164,59,1,Female
"1045 Ortega Vista, Lake Shelby, UT 08680",David Martin,CUST1165,52,2,Female
"2450 Andrea Ford, Riverastad, MD 94792",Jeffrey Hicks,CUST1166,20,1,Male
"68990 Burton Ranch Apt. 197, Powellfort, MI 29468",Sarah Coleman,CUST1167,28,4,Female
"PSC 5746, Box 5121, APO AP 37295",Cassandra Ford,CUST1168,27,2,Male
"939 Jessica Freeway Apt. 777, Harrisburgh, WY 13521",Robert Sims,CUST1169,46,2,Male
"572 Reyes Garden Suite 458, Braunview, OH 16669",Ashley Hunt,CUST1170,43,1,Female
"125 Edward Square, Port Joseph, WA 14555",Tracy Craig,CUST1171,39,2,Female
"52544 Christina Stravenue Apt. 227, Jamieshire, SC 74826",Catherine Guzman,CUST1172,65,2,Female
"2171 Sean Plains, Bethborough, AR 72013",Jennifer Johnson,CUST1173,41,1,Female
"87405 Moyer Parkways, North Javier, FL 62005",Carlos Reed,CUST1174,60,3,Male
"582 Morris Orchard Suite 863, New Lisa, MA 26094",Debra Salazar,CUST1175,52,2,Female
"5985 Rivera Burg Suite 015, Alexaview, FL 14890",Michael Arroyo,CUST1176,45,2,Male
"25685 Johnson Forge, East Hannah, WA 29856",Anthony Knapp,CUST1177,62,4,Male
"Unit 4991 Box 6315, DPO AP 54753",Jenna Jones,CUST1178,19,4,Male
"35249 Timothy Run, Pachecohaven, HI 65481",Tiffany Beck,CUST1179,54,2,Female
"8858 Murphy Orchard Suite 427, Port Jamesfurt, MT 95247",Jill James,CUST1180,69,2,Male
"617 David Circles, New Jennifer, MD 42325",Robert Boyle,CUST1181,24,2,Female
"9463 Kristen Track Suite 234, New Amyborough, RI 67327",Monica Smith,CUST1182,44,4,Female
"142 Krause Pines, Elizabethmouth, UT 52263",Courtney Anderson,CUST1183,30,3,Male
"90538 Steven Mission Apt. 740, New Loriton, NH 79686",Margaret Mcbride,CUST1184,39,4,Male
"99305 John Mountains Suite 244, West Stephanie, DC 63504",Jason Duran,CUST1185,22,3,Male
"43149 Mary Pines, East Ryan, ME 52019",Robert Kim,CUST1186,39,1,Female
"PSC 8448, Box 7266, APO AE 02436",Ann Weber MD,CUST1187,66,2,Female
"4683 Cox Road, Sarahville, KS 94399",Amanda Johnson,CUST1188,28,1,Male
"95703 Owens Street Apt. 854, Hortonberg, WV 37681",Robert White,CUST1189,24,3,Male
"00475 Lisa Courts, West Dennishaven, MD 85517",James Wilson,CUST1190,30,2,Female
"7860 Ramirez Crescent, New Cassandrahaven, MD 06737",Candace Sanchez,CUST1191,46,3,Male
"917 Jones Courts, South John, ME 36620",Kristina Perkins,CUST1192,42,3,Female
"2897 Joseph Cove, Port Cassandra, UT 30980",Natasha Gonzalez,CUST1193,43,1,Male
"437 Sean Street Suite 852, Port Michael, PA 90406",Autumn Short,CUST1194,45,3,Female
"451 John Ridges Apt. 914, Samanthahaven, TX 09359",Gregory Brown,CUST1195,27,1,Female
"1859 Heath Cape, West Oliviafurt, NC 19059",David Robertson,CUST1196,38,3,Female
"99189 William Underpass Suite 280, South Samuel, KS 74566",Wyatt Park,CUST1197,19,4,Female
"862 Bender Ports Suite 530, Washingtonhaven, OR 62520",Donald Vance,CUST1198,50,2,Female
"660 David Lodge Apt. 891, South Jasontown, AZ 24066",James Fisher,CUST1199,38,4,Female
"5853 Nancy Valley Apt. 293, Jacobside, SC 83758",Angel Dudley,CUST1200,42,1,Male
"2557 Gonzalez Underpass, New Rachel, NY 93227",Terry Stewart,CUST1201,18,2,Male
"Unit 2433 Box 1162, DPO AA 31924",Matthew Vincent,CUST1202,50,1,Female
"3109 Jacob Highway, North Hannahport, TX 41542",Savannah Johnson DVM,CUST1203,48,1,Female
"595 Hampton Spurs Apt. 371, North Tonyburgh, NY 14186",Suzanne Lopez,CUST1204,29,2,Female
"65549 Jeremy Corners Apt. 514, Hayesberg, AK 07793",Alexander Gordon,CUST1205,60,4,Male
"10186 Taylor River Suite 428, Melaniefurt, CO 59986",Angela Arnold,CUST1206,42,3,Male
"674 Hall Cliffs Suite 560, Deborahview, DE 19812",Roberta Rogers,CUST1207,53,1,Male
"720 Bailey Radial, Hughesside, NJ 60291",Carol Mitchell,CUST1208,23,1,Male
"0075 Joseph Centers Suite 946, West Kathryn, VT 66537",Mitchell Smith,CUST1209,66,3,Female
"7921 Michael Crest Suite 683, Aimeeberg, HI 33964",Mrs. Cheryl Nguyen PhD,CUST1210,50,3,Male
"3596 Rodriguez Vista Suite 566, North Waltermouth, AL 90872",Mr. Tommy Perez Jr.,CUST1211,66,2,Female
"Unit 3626 Box 5108, DPO AE 19603",Jeffrey Moore,CUST1212,34,1,Female
"PSC 8376, Box 4218, APO AA 73846",Amanda Mcintyre,CUST1213,19,3,Female
"6287 James Manor Suite 472, Laceyfurt, OK 46742",Randy Wagner,CUST1214,50,4,Female
"PSC 5394, Box 1181, APO AA 23989",Mr. Christopher Graves,CUST1215,59,1,Male
"2920 Stark Heights, Darrenhaven, OH 98578",Maurice Delgado,CUST1216,32,2,Male
"7743 Chavez Expressway, Port Charlesfort, AK 11161",Penny Scott,CUST1217,45,4,Female
"092 Young Views Suite 131, Port Alanburgh, AZ 27995",Paul Jackson,CUST1218,52,3,Male
"507 Cox Fort, West Christineport, KS 77234",Spencer Jackson,CUST1219,26,4,Female
"282 Turner Corners, North Andrewberg, AL 30273",Jennifer Cortez,CUST1220,45,2,Female
"974 Mckinney Mountain, Hensonside, MN 78383",Joshua Cooper,CUST1221,55,1,Male
"9591 Daniel Pass Apt. 621, South Kimberly, WI 57708",Dr. Rebekah Richards,CUST1222,43,1,Female
"27991 Heath Vista Suite 049, North Tracyfort, IN 54473",Terri Johnson,CUST1223,30,2,Male
"PSC 4964, Box 0430, APO AA 37353",Luis Lopez,CUST1224,47,4,Male
"02355 Lindsey Divide Apt. 649, Port Laurieberg, PA 07793",Stacy Sandoval,CUST1225,57,3,Male
"745 Diana Underpass Apt. 444, Ryanburgh, ND 00773",Rebekah Frederick,CUST1226,67,4,Female
"903 Marquez Lakes, Georgebury, OK 13288",Lynn Snyder,CUST1227,21,2,Male
"PSC 5277, Box 8768, APO AA 98159",Michael Mccoy,CUST1228,53,1,Male
"137 Morgan Oval Suite 393, Robinsonmouth, GA 67644",Angela Leblanc,CUST1229,46,4,Male
"052 Chavez Locks, South Kristy, NM 91976",Rodney Owens,CUST1230,50,3,Female
"088 Bryant Brooks Apt. 710, West Amy, NH 52862",Desiree Wade,CUST1231,30,2,Female
"13058 Christopher Shore, South Cynthia, AK 90689",James Rose,CUST1232,49,3,Male
"7486 Amanda Green Apt. 556, Port Christine, AK 66075",Christine Gallagher,CUST1233,38,3,Female
"9330 Jessica Motorway Apt. 065, Jonathanland, MS 70064",Kevin Liu,CUST1234,69,3,Male
"986 Scott Mission Apt. 620, East Elizabeth, WI 51307",Mrs. Christina Smith,CUST1235,57,1,Male
"1791 Amanda Glen, Gallagherfort, NH 88256",Miranda Holmes,CUST1236,45,2,Male
"PSC 7744, Box 5175, APO AA 86936",Ashley Jones,CUST1237,29,3,Male
"49178 Anderson Summit, Lake Monicaberg, NV 44325",Bobby Smith,CUST1238,35,1,Female
"58916 Rhodes Cliffs Suite 980, Port Ashleyhaven, NC 11618",Alex Townsend MD,CUST1239,43,4,Female
"8753 Spencer Plains Apt. 110, Dennisport, FL 33632",Suzanne Martinez,CUST1240,37,3,Female
"674 Cody Parks, West Matthew, NY 81222",Sara Miller,CUST1241,29,4,Female
"578 Lindsey Wells Suite 950, Thomashaven, NE 34546",Andrew Kaiser,CUST1242,41,1,Female
"533 Zachary Dam Apt. 921, Castroside, AK 17268",Kimberly Baker,CUST1243,55,1,Male
"5735 Amanda Mission, Thompsonland, ME 86087",Tiffany Davis,CUST1244,23,3,Male
"67861 Fuller Mountains Apt. 475, West Stuartburgh, OK 01345",Luke Chandler,CUST1245,57,2,Female
"7219 Vasquez Neck Apt. 318, North Robertton, TN 98831",Jordan Munoz,CUST1246,47,2,Female
"PSC 8727, Box 2327, APO AP 69957",Craig Jacobs,CUST1247,20,4,Male
"4117 Vaughan Junction, North Andrewtown, LA 90213",Ryan Mendoza,CUST1248,19,2,Male
"415 Barnes Ways, New Helen, ID 62156",Brandon Hill,CUST1249,52,4,Female
"745 Stacy Forest, Lopezfort, CA 01727",Matthew Villa,CUST1250,51,1,Male
"9601 Jessica Track, North Patricia, MI 65549",Tiffany Houston,CUST1251,36,4,Male
"1371 Morales Mountain, New Elizabeth, OR 38030",Kaylee Austin,CUST1252,43,4,Female
"514 Kurt Crescent, Kevinland, KS 55304",Mr. Russell Adams Jr.,CUST1253,68,3,Male
"878 Mccormick Plaza Suite 562, Brooksview, ME 73985",Tracey Nelson,CUST1254,61,4,Female
"9821 Chambers Terrace, Dunntown, GA 40847",Alexis Rogers,CUST1255,42,1,Male
"39703 Alicia Court, Suzannefort, OR 02483",Michelle Wagner,CUST1256,20,2,Female
"36582 West Bypass, Yubury, CT 61100",Kyle Garcia,CUST1257,41,1,Male
"3097 Choi Forks Apt. 679, Alexisville, SC 86815",Jenny Ford,CUST1258,50,4,Female
"895 Gibson Estate, Port Kimberlybury, MA 75301",Drew Duran,CUST1259,59,2,Female
"3232 Gavin Springs Suite 878, Lake Scottton, DE 89067",Denise Hubbard,CUST1260,35,3,Female
"03795 Johnson Forges, New Amanda, WY 03421",Amanda Hahn,CUST1261,46,3,Male
"2348 Ryan Mill Suite 777, New Paulborough, ND 22707",David French,CUST1262,18,1,Female
"9005 Dana Parks Apt. 246, Smithstad, CT 27154",Kenneth Miller,CUST1263,43,1,Male
"18363 Merritt Wells Apt. 632, West Roseville, OR 45494",Kenneth Harris,CUST1264,47,4,Male
"128 Wilson Cliffs Suite 424, Wardport, SC 03201",Richard Mercado,CUST1265,41,3,Male
"96817 Smith Vista, Crawfordside, TX 62848",Robert Ryan,CUST1266,70,2,Female
"50353 Dean Ridge Suite 051, New Jimmyfurt, WA 33591",Anthony Ali,CUST1267,26,3,Male
"75205 Darrell Passage Apt. 833, Port Michelle, MS 25321",Thomas Olsen,CUST1268,53,4,Female
"5472 Justin Inlet Suite 630, Ronaldborough, TX 38044",Jesus Horn,CUST1269,47,3,Male
"633 Miller Creek Apt. 267, Lake Heather, OR 63949",Jason Lyons,CUST1270,42,2,Male
"21955 Cunningham Spring Apt. 034, Ericaview, CO 46414",Michael Johnson,CUST1271,61,2,Male
"221 Sarah Wall, Riceton, AL 70455",Troy Davis,CUST1272,68,1,Female
"USS Perez, FPO AE 36628",Thomas Brown,CUST1273,60,1,Female
"2784 Melton Greens Suite 306, Whitneymouth, VT 36487",Laura Alexander,CUST1274,42,2,Male
"6159 Rachel Hill Suite 159, North Katherine, IA 62788",Renee Guerrero,CUST1275,37,3,Male
"6980 Nelson Brooks Apt. 292, Anthonymouth, ND 33378",Gary Hammond,CUST1276,32,3,Female
"8119 Riggs Brook Suite 866, East Lisa, MN 58917",Wanda Sherman,CUST1277,57,4,Male
"006 Aaron Knoll Apt. 785, South Christopher, MO 89355",Bill Travis,CUST1278,39,4,Female
"3921 Harmon Walks Suite 985, Joshuaborough, IA 87298",Victoria Robles,CUST1279,62,2,Female
"6905 Nicholas Station, Collinsview, NH 87304",Elaine Schmidt,CUST1280,22,4,Female
"7950 Jennifer Rue Apt. 006, Lake Amyburgh, WA 46479",Mary Dalton,CUST1281,43,3,Female
"10140 John Springs, Anthonymouth, TX 12639",Amber Howe,CUST1282,67,1,Female
"645 Frank Glen, Selenaside, NY 22598",Susan Hall,CUST1283,63,3,Male
"4493 Matthew Lake, Deleonport, SC 54614",Cheryl Nelson,CUST1284,68,2,Male
"57257 Sean Ferry, Everettburgh, MO 55163",Stephanie Lewis,CUST1285,45,1,Male
"871 Robinson Mall Apt. 740, East Heatherborough, SC 43992",Angela Steele,CUST1286,47,2,Male
"8445 Timothy Lights Suite 622, Kevinberg, VT 81146",Derek Gonzalez,CUST1287,40,1,Female
"2937 Shelton Point Suite 913, Cookmouth, DC 24571",Manuel Gilbert,CUST1288,65,3,Male
"6057 Erik Glens Suite 049, West Todd, MO 68734",Dan Stevens,CUST1289,36,4,Male
"074 Robert Crossroad, North Shirleychester, CO 58425",Wesley Jones,CUST1290,46,4,Male
"47488 Shelly Stravenue, Brownport, IA 08345",Tonya Nash,CUST1291,70,2,Male
"15917 Ford Extensions, Priceton, NJ 41995",Randy Newman,CUST1292,42,2,Female
"462 Richard Falls, East Alexandrachester, NM 74996",Tanya Woods,CUST1293,41,1,Male
"17895 Arroyo Shore Apt. 737, Lake Elizabeth, KY 96078",Tiffany Matthews,CUST1294,43,4,Female
"Unit 5748 Box 4701, DPO AE 12602",Alexis Johnson,CUST1295,39,1,Male
"642 Riggs Groves, West Jennifermouth, MA 31569",Brian Mitchell,CUST1296,36,2,Male
"771 Johnson Prairie, Lake Daniel, SC 43434",Joe Landry,CUST1297,49,3,Male
"526 Hall Squares Apt. 451, Martinezfurt, WY 20325",Matthew Greene,CUST1298,48,1,Female
"07757 Christine Crossroad Suite 141, Kimberlyshire, NC 64269",Michael Davis,CUST1299,66,4,Male
"4350 Stacey Lakes, Costashire, NE 46194",Cynthia Becker,CUST1300,58,3,Male
"841 Brian Viaduct Suite 977, Christopherborough, TX 33647",Ashley Roberts,CUST1301,59,4,Male
"3602 Cisneros Mission, North Josephton, ND 60896",Michael Robertson,CUST1302,41,2,Female
"73488 Taylor Meadows Suite 435, Bakerville, OH 04073",Jennifer Garcia,CUST1303,32,4,Female
"08367 Drew Overpass, Meganton, RI 95685",Christopher Houston,CUST1304,70,1,Female
"45883 Thomas Roads, Lisamouth, CO 94738",Christina Miller,CUST1305,33,4,Male
"USNV Sparks, FPO AA 60220",Donna Murray,CUST1306,26,4,Male
"090 Mark Divide, Port Elizabeth, OK 67827",Jennifer Parker,CUST1307,27,2,Female
"6679 Bryan Skyway, Sandratown, WI 95590",Laura Cunningham,CUST1308,19,3,Male
"204 Shannon Inlet Apt. 817, Courtneyberg, OK 53660",Victor Burns,CUST1309,27,4,Male
"89384 Robert Drive, Tuckerport, ME 05699",Douglas Watson,CUST1310,46,2,Male
"5579 Michelle Bypass Apt. 110, Ricardoshire, OH 16185",Mr. Nicholas Colon MD,CUST1311,47,4,Female
"498 Rivera Mews Suite 533, West Thomasside, AK 73101",Justin Patel,CUST1312,53,4,Female
"01141 Amber Orchard, West Leonmouth, OK 21722",Gary Rowe,CUST1313,23,2,Female
"8713 Rice Trail Suite 065, Marymouth, NV 42559",Mrs. Heather Williams,CUST1314,19,4,Male
"7119 Austin Road, Haysfort, NH 36023",Cheryl Mccarthy,CUST1315,70,1,Female
"87136 Cameron Valley Suite 005, North Sara, IN 74747",Erica Day,CUST1316,32,2,Male
"9957 Fox Stravenue Suite 322, Andrewville, KY 24954",Andrew Tran,CUST1317,68,2,Male
"2969 Hughes Manors, South Erica, NY 81655",Erik Sawyer,CUST1318,44,3,Male
"72676 Johnson Walk Suite 718, Michaelborough, ID 67116",James Pham,CUST1319,31,2,Female
"0508 Rojas Trace, East Ana, VT 65260",Pamela Hunter,CUST1320,65,2,Male
"368 Medina Mountains, Lake Jamesmouth, MN 10227",Jennifer Martin,CUST1321,19,2,Male
"PSC 1580, Box 0390, APO AA 00826",Alexandria Myers,CUST1322,49,3,Male
"27061 Kenneth Avenue Apt. 272, Williamsshire, NM 09982",Mrs. Leslie Hernandez MD,CUST1323,52,3,Female
"60270 Randall Forges Apt. 430, Port Angelabury, GA 40277",Sarah Nichols,CUST1324,41,2,Male
"89381 Carpenter Islands Apt. 821, Garrettport, MS 61226",Joseph Rogers,CUST1325,27,4,Male
"88987 Bailey Forges, Jamesbury, VA 87702",Leah Dunn,CUST1326,44,2,Female
"28257 Rachel Gardens, Williamsfurt, MA 96009",Toni Ramsey,CUST1327,26,1,Male
"3270 Brown Shoal Suite 856, Wrightland, TX 28813",Veronica Thompson,CUST1328,51,3,Female
"188 Katelyn Plaza Apt. 743, Lindsayburgh, CO 42402",Kenneth Williamson,CUST1329,51,2,Female
"98881 April Mountains, North Garrett, NE 51325",Dana Hill,CUST1330,25,1,Male
"3081 Stephens Row Suite 403, North Madisonside, IL 29120",Edward Estes,CUST1331,31,1,Male
"4114 Anderson Highway Suite 913, Amyberg, VA 84755",Brianna Mills,CUST1332,55,1,Male
"34358 Crystal Passage, Brownport, ID 51366",Kari Potter,CUST1333,29,4,Female
"3922 Erin Fords, Mannton, DE 23322",Carl Sharp,CUST1334,42,4,Male
"2756 Kimberly Way, South Charles, NH 30473",Christopher Blanchard,CUST1335,47,1,Male
"Unit 4332 Box 3504, DPO AE 37389",Amy Walsh,CUST1336,69,4,Male
"6727 Lopez Viaduct, Port Donna, UT 46652",Donna Reed,CUST1337,56,4,Female
"05214 Chambers Knoll Apt. 800, Lake Loganton, MT 45025",Daniel Berry DDS,CUST1338,60,4,Male
"81179 Christopher Hills Apt. 133, Michaelborough, FL 42273",Elizabeth Ellis,CUST1339,19,2,Female
"0462 Marshall Ports, Dianemouth, NY 04092",Seth Nolan,CUST1340,48,1,Male
"PSC 2793, Box 1567, APO AP 84237",Alyssa Smith,CUST1341,63,1,Male
"25443 Laura Falls Suite 415, West Eddie, NM 45355",Cory Martinez,CUST1342,46,1,Female
"036 Jennifer Grove, Port Mariaburgh, MA 90934",Amber Williams,CUST1343,63,2,Male
"35617 Singleton Station Suite 162, West Stephanie, AZ 22977",Alan Lindsey,CUST1344,28,4,Female
"949 Jeffery Passage, West Brittany, CA 51871",Gregory Miller,CUST1345,67,3,Female
"41205 Alex Neck Suite 837, Brendanchester, SD 64593",Ryan Boyd,CUST1346,58,3,Female
"33035 Lisa Lake Suite 628, West Anthonyhaven, VT 51385",Miss Jasmine Perez,CUST1347,35,3,Male
"64128 Francis Prairie Suite 079, North Amandaville, GA 68163",Diana Carter,CUST1348,67,2,Male
"274 Jeffery Junction, Rojasstad, MS 48523",Steven Blackwell,CUST1349,42,2,Female
"8843 Short Point, Margaretview, NY 36361",Michael Smith,CUST1350,30,2,Male
"157 Peter Valley, Savageport, CO 55498",Justin Wallace,CUST1351,32,3,Female
"Unit 7723 Box 2682, DPO AE 78688",Jonathan Rice,CUST1352,37,3,Female
"0796 Brandon Lights Apt. 436, Brandonton, HI 83806",Jessica Bishop,CUST1353,33,4,Female
"692 Case Isle, Port Rachelberg, CT 30565",Richard Kim,CUST1354,39,2,Female
"5613 Rhonda Flat Suite 225, West Gregoryton, MA 28792",Bonnie Cochran,CUST1355,54,4,Male
"545 Hernandez Path Apt. 441, North Erinton, FL 06598",Patrick Olson,CUST1356,39,4,Female
"20703 Daniel Run, West Karenmouth, TX 35072",Brian Griffin,CUST1357,57,4,Male
"856 King Burgs, East Benjaminland, PA 97424",Marc Shaw,CUST1358,60,1,Female
"67209 Wesley Roads, Lake Claudia, PA 73420",Brandon Walls,CUST1359,36,2,Female
"Unit 6595 Box 0283, DPO AA 47970",Christopher Rogers,CUST1360,37,3,Male
"077 Kelsey Trace, South Dalton, TN 11011",Brandy Guerra,CUST1361,54,1,Male
"7781 Christopher Villages Suite 073, Jasminefort, VT 00807",Sandra Robinson,CUST1362,18,4,Female
"080 Lloyd Island Suite 233, Blackside, NY 95312",Scott Bautista,CUST1363,70,1,Male
"172 Donna Tunnel Suite 117, Catherineborough, SC 64568",Maria Hawkins,CUST1364,38,2,Male
"43284 Perez Village Suite 393, South Brittany, IN 61556",Ruben Thomas,CUST1365,34,1,Male
"USNV Lucas, FPO AE 36584",Joe Garcia,CUST1366,69,4,Male
"5338 Cantrell Common, Jenniferstad, MA 35403",Dr. Daniel Wood,CUST1367,47,3,Male
"5585 Bradley Points, West Ashleyborough, PA 77436",Melissa Mcguire,CUST1368,43,3,Female
"1878 Stacey Gateway, West Frank, DC 82100",Luis Watson,CUST1369,27,4,Female
"312 Moran Islands, Hernandezview, NY 39742",Jessica Shaw,CUST1370,69,2,Male
"PSC 2218, Box 2993, APO AP 59043",Emily Adams,CUST1371,61,3,Female
"088 Washington Shore Apt. 928, Lake Kiarahaven, TN 24059",Frank Schwartz,CUST1372,54,4,Female
"29045 Kimberly Islands Suite 175, South Micheleview, WY 90720",Ashley Goodman,CUST1373,26,1,Female
"USCGC Cook, FPO AP 22832",Tara Smith,CUST1374,35,3,Male
"34987 Bill Garden, South Stephanie, NJ 59578",Sharon Yu,CUST1375,50,4,Female
"196 Young River Suite 652, Rachelbury, DC 88470",Colleen West,CUST1376,54,1,Female
"65441 Marcia Union, Wheelerstad, KS 21687",James Randolph,CUST1377,66,2,Female
"866 Mclean Turnpike, West Ashley, VA 80380",Jessica Brown,CUST1378,70,1,Male
"Unit 9021 Box 8030, DPO AE 57267",Ashley Matthews,CUST1379,70,4,Male
"098 Cortez Locks Apt. 527, Garciaside, AK 92623",Daniel Bryant,CUST1380,24,4,Male
"17554 Heidi Wall, Leslieland, LA 44485",Shannon Martin,CUST1381,61,1,Male
"8832 Thomas Burgs Suite 818, Warnerbury, MN 08982",Shelly Johnson,CUST1382,68,1,Male
"283 Phelps Mall, East Sean, MA 70472",Robert Lee,CUST1383,69,1,Male
"069 Jackson Radial Suite 113, Rachelmouth, SD 62368",Danielle Adams,CUST1384,43,2,Male
"PSC 1952, Box 1510, APO AE 52784",Anthony Owen,CUST1385,33,4,Male
"7979 Schneider Points, Lake Kayla, LA 88319",Brandi Lamb,CUST1386,52,1,Male
"42041 Tina Meadows, Riddleview, IN 31623",Breanna Hicks,CUST1387,48,3,Female
"8046 Riley Ranch Apt. 866, Harriston, FL 38951",Vanessa Moore,CUST1388,26,3,Male
"380 Robert Hill, South Kimberlyport, CO 56343",Ricky Tanner,CUST1389,63,1,Male
"85096 Pham Highway, West Richard, DC 89428",Gabriel Anderson,CUST1390,69,4,Male
"750 Baker Ridges Suite 100, New Prestonmouth, NY 30612",Stephanie Hudson,CUST1391,52,2,Male
"281 Tony Knolls Suite 774, East Robertview, WV 94079",Emily Wilkins,CUST1392,33,4,Male
"057 Waller Glen, Port Joshuatown, VA 40391",Dr. Joyce Kelley,CUST1393,31,3,Female
"1400 Thomas Ways, Jenniferland, MA 67644",Brooke Johnson,CUST1394,60,3,Male
"042 Phillips Mountain Apt. 614, East Jessica, IL 56833",Danielle Wagner,CUST1395,47,3,Female
"9231 King Mission, Collinbury, NC 29978",Edward Hopkins,CUST1396,50,3,Female
"7839 Crystal Mission Suite 022, West Benjaminburgh, HI 06735",Melissa Carr,CUST1397,45,3,Male
"12926 Barnes Inlet Suite 854, West Anthonyside, MA 66980",Brian Thompson,CUST1398,18,2,Female
"Unit 4444 Box 3108, DPO AP 58331",David Mora,CUST1399,18,3,Female
"49214 Spencer Village, Valerieland, NJ 73898",Linda Freeman,CUST1400,25,1,Female
"852 Poole Way, New Denisemouth, CT 91944",David Rodriguez,CUST1401,70,2,Male
"84738 Jessica Island, South Lori, WV 10060",Ronald Day,CUST1402,34,1,Female
"077 James Hill, Lake Loganside, MA 95311",Andrew Jones,CUST1403,51,3,Male
"442 William Turnpike, Lynchburgh, WI 98886",Ronald Williamson,CUST1404,37,1,Male
"71631 Dylan Crest, Stephenborough, CA 79286",Vanessa Spencer,CUST1405,66,2,Male
"21364 Keith Points Suite 535, Tracytown, NE 36946",Sierra Bennett,CUST1406,64,4,Male
"464 Vanessa Shoals, Hallfurt, IN 86758",Amy Chang,CUST1407,32,1,Female
"79068 Allison Stravenue Suite 189, Port Loganside, HI 75560",Joy Phillips,CUST1408,43,4,Female
"12566 Marcia Ville, North Glenn, WA 34147",Nicholas Reilly,CUST1409,47,1,Male
"126 Willie Field Apt. 054, West Gregorymouth, KY 95226",Nancy Green,CUST1410,32,3,Female
"04567 Mcdonald Station Suite 182, Sellersland, PA 52193",Robert Schaefer,CUST1411,45,4,Female
"608 Kelly Branch Suite 496, Lisaport, WV 97832",Jessica Hartman,CUST1412,32,1,Male
"59188 Choi Plain Apt. 010, Clarkmouth, DE 33569",Natalie Wallace,CUST1413,60,3,Male
"05668 English Shoals, Larsentown, WV 72718",Thomas Gilbert,CUST1414,50,2,Male
"143 Rebecca Mission Suite 489, Andrewtown, NM 90481",Matthew Patrick,CUST1415,59,2,Male
"92168 Andrea Common Suite 504, Markside, WV 09190",Stephen Rios,CUST1416,39,2,Male
"337 David Parkways Suite 984, Lake Vincent, MA 87491",Dylan Taylor,CUST1417,24,3,Male
"915 Simpson Cliff Suite 204, Spencerhaven, WA 32995",Tanya Hodges,CUST1418,33,1,Female
"PSC 9562, Box 4584, APO AA 03541",Michael Smith,CUST1419,22,1,Female
"5436 Orr Row, Williamville, DE 76197",Christy Pham,CUST1420,56,2,Female
"09073 Cesar Way, Lauraberg, NY 96126",Kimberly Craig,CUST1421,45,2,Male
"3806 Donald Ford, West Ericstad, WV 97083",Brandi Aguirre,CUST1422,45,1,Male
"23137 Baker Tunnel, New Michelleborough, KS 54001",Amy Ramirez,CUST1423,57,1,Female
"USNV Meyer, FPO AE 69542",Derrick Foley,CUST1424,43,3,Male
"8516 Travis Extension, Jordantown, TX 85996",William Johnson DDS,CUST1425,31,3,Female
"6158 Robert Burg, West Brendaville, MN 31520",Gina Brady,CUST1426,69,1,Male
"93218 Michele Mills Apt. 100, South Jeremystad, DE 50826",Wanda Hodge,CUST1427,51,1,Male
"81461 Landry Spur Suite 202, South Jerry, LA 97517",Catherine Miranda,CUST1428,30,4,Male
"6906 Danny Square Suite 977, Mitchellview, NY 83273",Jordan Thomas,CUST1429,21,2,Female
"397 Jimenez Extension, Robertfort, GA 68013",Brenda Smith,CUST1430,35,1,Male
"USCGC Davis, FPO AE 86762",Kathryn Munoz,CUST1431,69,3,Male
"862 Johnson Forges Apt. 928, Wilsonview, TX 53855",Richard Johnson,CUST1432,53,2,Female
"44905 Evelyn Estate Suite 554, Simpsonmouth, CA 90342",Ryan West,CUST1433,62,3,Male
"41770 Derek Forest Apt. 267, Meganfort, NM 99544",Steven Jackson,CUST1434,25,1,Female
"172 Melvin Mills Suite 863, Lake Thomas, PA 77281",Kim Turner,CUST1435,63,3,Male
"219 Keith Spur, Andreaview, MI 37682",Eric Acosta,CUST1436,23,3,Male
"7951 Walls Stravenue Apt. 607, South Andrea, NJ 08588",Matthew Douglas,CUST1437,56,3,Male
"726 Garcia Trace, Port Richard, LA 94424",Sabrina Reed,CUST1438,41,4,Female
"9376 Katie Ford Suite 919, East Amandaborough, NY 60835",Jason Daniel,CUST1439,59,1,Female
"4594 Campbell Ports Suite 978, Port Joshuatown, NM 85048",Tiffany Santiago,CUST1440,63,4,Female
"71516 Pierce Causeway, Port Scott, AZ 89915",Amanda Estrada,CUST1441,30,4,Male
"Unit 7133 Box 3726, DPO AE 14814",Sarah Martinez,CUST1442,32,3,Female
"658 Justin Prairie Suite 823, Sanfordberg, AZ 81120",Ashley Walker,CUST1443,21,2,Male
"1982 Matthew Mills Suite 375, Johnnyview, WV 25580",John Richard,CUST1444,18,3,Male
"3820 Anthony Parkway, Kellymouth, OK 07302",Charles Meyers,CUST1445,43,4,Female
"202 James Estates, Payneport, SD 30174",Rita Wilson,CUST1446,27,2,Female
"384 Tommy Expressway, New Jasonmouth, IN 31599",Joseph Kline,CUST1447,48,2,Female
"297 Jones Port Apt. 350, Mcdonaldfort, OH 99582",Wayne Proctor,CUST1448,19,3,Female
"2634 Abigail Springs, South Nicholeborough, AK 04726",Ann Garcia,CUST1449,38,2,Female
"8643 Mark Walk Suite 361, Mosesbury, IL 23254",Eric Flores,CUST1450,53,2,Female
"223 Jones Cliff Suite 992, South Tina, SD 59281",Katherine Howard,CUST1451,66,1,Female
"72064 Cummings Ranch, Matthewtown, DE 21689",Tonya Ellis,CUST1452,19,4,Male
"8960 Rebecca Hills, South Kim, OH 59581",Heidi Ortiz,CUST1453,33,2,Female
"10873 Scott Track, Ramoshaven, ID 16698",Brandy Gonzalez,CUST1454,59,2,Female
"778 Wright Overpass, Port Michael, MN 50949",Brandon York,CUST1455,52,2,Male
"594 Bradley Lights Apt. 424, New Ashleyberg, WA 73127",Stephen Fischer,CUST1456,39,1,Male
"073 Smith Hills, Richardview, MI 10980",Carl Callahan,CUST1457,54,4,Male
"86382 Martinez Glens, North Douglasland, IN 25628",Teresa Thompson,CUST1458,59,4,Female
"6694 Jones Route, Stevenburgh, ME 74325",Linda Aguilar,CUST1459,28,1,Female
"033 Howard Knoll Suite 227, Port Angela, UT 32540",Susan Howard,CUST1460,65,2,Male
"811 Molina Village, Wyattton, AR 85731",Christopher Anderson,CUST1461,67,1,Female
"82923 Elizabeth Neck, North Rebeccaton, SC 88990",Daniel Palmer,CUST1462,57,2,Male
"0410 Joshua Wall, East Morgan, OK 13297",Nicholas Rodriguez,CUST1463,59,2,Male
"8750 Lucas Rapid, West Courtney, VT 61294",Debra Mendez,CUST1464,52,4,Female
"USS Daniels, FPO AA 30857",Trevor Ayala,CUST1465,70,4,Male
"90234 Cunningham Fords Suite 412, Williamsfort, PA 51324",Christopher Hooper,CUST1466,20,2,Female
"5443 Gilmore Divide Apt. 705, Troyhaven, MI 43173",Michael Oconnor,CUST1467,61,4,Female
"PSC 9484, Box 3488, APO AP 42589",Cynthia Dominguez,CUST1468,58,2,Female
"273 Catherine Wells Apt. 512, Ariasshire, NJ 83064",Allison Dunn,CUST1469,20,2,Female
"956 Russell Landing Suite 531, Johnsonside, KS 32752",Mark Simpson,CUST1470,63,2,Male
"505 Randy Terrace Apt. 190, North Katherine, CO 34495",Jonathan Murray,CUST1471,48,4,Male
"6167 Brandi Brook Apt. 644, Jessicashire, TX 34825",Eric Miller,CUST1472,38,3,Female
"2455 Young Loaf Apt. 974, Yolandaland, DC 81453",Tyler Rivera,CUST1473,59,1,Female
"278 Bill Extensions, Scottbury, OK 52722",Sarah Robles,CUST1474,45,2,Male
"6872 Teresa Avenue, Tanyaport, NJ 05705",Michael Johnson,CUST1475,29,3,Female
"49559 Kim Lodge, West Brittany, HI 37736",Julie Oneill,CUST1476,67,3,Female
"30995 Garza Squares, North Ruthport, PA 81322",Jeremy Myers,CUST1477,68,2,Male
"978 Sarah Stream, Kellyside, ID 77846",Ashley Griffith,CUST1478,29,2,Male
"16460 Fisher Drive Suite 023, Port Debra, OR 73011",Kara Richardson,CUST1479,69,4,Female
"94187 Gabrielle Turnpike, Richardton, AL 31229",Elizabeth Cook,CUST1480,65,3,Male
"Unit 5368 Box 5192, DPO AP 28545",Angel Gould,CUST1481,31,4,Female
"972 Nicholas Ways, North Reneemouth, MD 36661",Jose Shaw,CUST1482,67,4,Male
"97928 Savage Corners Suite 422, Palmerchester, MN 10144",Adam Moore,CUST1483,48,4,Female
"8399 Daniel Pines Apt. 873, Rodgersland, MT 35938",Mia Walton,CUST1484,57,4,Female
"93172 James Manors, Martinside, NM 62145",Joshua Sullivan,CUST1485,18,4,Male
"27540 Rivera Circles Apt. 986, Ronaldview, TX 36040",Judy Swanson,CUST1486,57,1,Male
"40144 Carter Knoll, East Jamesview, KS 90843",Dr. Jason Kaufman,CUST1487,62,1,Female
"856 Mark Shores Suite 926, Hancockhaven, NV 64822",Karen Holder,CUST1488,19,4,Male
"8839 Yesenia Forge Suite 553, Curtisland, VT 73078",Erin Dalton,CUST1489,62,1,Female
"9679 Danny Via, New Robertport, UT 26104",William Chase,CUST1490,68,4,Female
"414 Matthew Keys, South Jamesstad, CA 68646",Regina Jones,CUST1491,25,4,Female
"155 Strickland Harbors Suite 028, Mcmahonville, NC 56225",Kelsey Hill,CUST1492,48,1,Male
"PSC 0272, Box 6957, APO AE 12367",Brianna Oconnor,CUST1493,68,2,Male
"22031 Janet Center, Port Lindsayview, MN 21450",Ms. Jennifer Bass,CUST1494,46,1,Female
"476 Melissa Junction, Lake Shaunton, CT 90122",Julie Roach,CUST1495,31,1,Male
"USNS Douglas, FPO AA 03522",Sara Chapman,CUST1496,38,1,Male
"5756 Kaufman River, Port Joanne, CA 53484",Krystal Scott,CUST1497,22,1,Male
"9177 Scott Corner, Nicholasview, NE 67741",Erica Hooper,CUST1498,45,1,Male
"1422 Fernandez Island, Port Sarahport, DC 05872",Stephanie Blankenship,CUST1499,40,2,Male
"56887 Lopez Parks Apt. 597, New Jaredmouth, AK 41731",Daniel Hardy,CUST1500,23,2,Female
"063 Lisa Well, Lake Michael, AZ 17312",Tracy Mccoy,CUST1501,24,3,Female
"754 Galvan Hill Apt. 501, Teresafort, RI 37974",Eric Leblanc,CUST1502,58,2,Male
"723 Hammond Fall Apt. 887, Racheltown, NV 84920",Kristina Daniels,CUST1503,40,1,Male
"66222 Craig Corners, North Michaelfurt, OR 01165",Gregory Mcmillan,CUST1504,55,2,Female
"078 James Turnpike, Angieport, KS 22260",Nathaniel Powell,CUST1505,56,3,Female
"1808 Holly Falls, Johnsonton, OK 97811",Felicia Sexton,CUST1506,53,2,Female
"91694 Heather Courts, North Charlesshire, OR 99185",Benjamin Reyes,CUST1507,70,1,Male
"1626 Porter Walks Apt. 012, Jeffreyburgh, MI 33638",Christopher Carrillo,CUST1508,54,2,Male
"53571 Jessica Prairie Apt. 727, Williamsmouth, MT 22451",Ryan Martinez,CUST1509,24,2,Male
"888 Robert Common Apt. 860, Cranestad, IL 27631",Jessica Durham,CUST1510,50,3,Male
"450 Lopez Shores, New Antonio, CT 72416",Christopher Wheeler,CUST1511,28,2,Female
"781 Obrien Creek, North Dylan, ID 01381",Carolyn Bradley,CUST1512,30,2,Female
"52635 Hall Stream, Vincentshire, NC 43745",Kevin Lopez,CUST1513,30,4,Male
"6021 Wilson Burgs Apt. 209, Paulmouth, NC 70680",Samantha Ross,CUST1514,24,3,Male
"2774 Katherine Lakes Apt. 823, Wallacemouth, PA 32366",Laura Evans,CUST1515,47,3,Female
"28197 Derek Glen Apt. 985, Welchchester, OR 93354",Jodi Hill,CUST1516,48,3,Female
"USS Curtis, FPO AP 40044",Adam Hendrix,CUST1517,53,4,Male
"532 Douglas Shoal Suite 071, New Jesse, IA 18415",Joshua Smith,CUST1518,40,4,Female
"21520 Gardner Burgs, New Michaelport, HI 26581",Joshua Hurst,CUST1519,30,2,Male
"05591 Lewis Ways, Pinedaton, MO 07565",Richard Turner,CUST1520,21,4,Male
"USNV Sawyer, FPO AA 76838",Shawn Martin,CUST1521,62,4,Male
"7628 Holmes Motorway Suite 464, Andersonport, ID 61471",Jacob Rivera,CUST1522,56,4,Female
"54556 Anderson Drives Suite 974, Sheliamouth, NV 86039",Jeffrey Burke,CUST1523,69,1,Female
"1815 Kristopher Flats, Mezamouth, NY 69395",Carly Underwood,CUST1524,29,2,Male
"Unit 8547 Box 1851, DPO AE 82157",Gabriel Thomas,CUST1525,62,1,Female
"117 Melanie Plains, South Kelsey, KS 47421",Casey Rocha,CUST1526,48,3,Female
"0294 Maldonado Groves, East Brandon, TN 52795",Ronald Huber,CUST1527,56,1,Female
"568 Joseph Valleys Suite 753, Port Christopher, MN 98432",Kimberly Davis,CUST1528,51,2,Female
"664 Charles Village Suite 657, Candaceberg, RI 88614",Juan Baker,CUST1529,64,1,Male
"1194 Nichols Stravenue, New Peterville, NC 39751",Tara Tucker,CUST1530,19,2,Female
"36394 Lee Estate, East Melissaton, HI 74339",Veronica Jackson,CUST1531,47,3,Male
"291 Melissa Freeway Apt. 997, Lake Jennifermouth, MT 99864",Joanne Hardy,CUST1532,56,3,Male
"7822 Matthew Squares Apt. 786, Lake Kennethmouth, MN 55261",Alexander Garcia,CUST1533,57,1,Female
"146 Graves Forges, East Eric, CT 19751",Anthony Mitchell,CUST1534,22,3,Male
"71754 Carroll Corners Suite 179, Kellystad, MA 12232",Alyssa Burns,CUST1535,37,2,Male
"149 Christopher Plain, West Amber, CA 08828",Gary Weaver,CUST1536,43,1,Female
"03058 Keith Roads Suite 835, North Catherine, NJ 45673",David Anderson,CUST1537,44,3,Female
"USNV Reeves, FPO AA 51784",Charles Cooper,CUST1538,32,1,Male
"82141 Velasquez Light Apt. 408, North Amanda, MI 79622",Deborah Costa,CUST1539,42,1,Female
"9872 Debra Ridge Apt. 519, South Erica, FL 21800",Curtis Casey,CUST1540,69,4,Female
"1123 Garcia Trail Suite 757, Port Allisonside, VT 01897",Frank Stevens,CUST1541,52,4,Female
"9620 Ross Center Apt. 947, Audreystad, IA 25634",Jon Smith,CUST1542,56,3,Female
"1487 Craig Villages, Shawstad, CA 28052",Glen Hudson,CUST1543,43,3,Male
"8476 Reed Shores, Port Nathan, KS 08241",Michelle Walker,CUST1544,62,2,Female
"271 Joel Underpass, Port Denisehaven, CO 35242",Rodney Austin,CUST1545,66,4,Male
"3975 Hayes Hollow Suite 161, West Jamesmouth, MO 53184",Paul Jones,CUST1546,65,4,Male
"5877 James Square Suite 544, Petersonshire, AL 00986",Jonathan Solomon,CUST1547,29,3,Female
"0243 Le Landing Apt. 484, West Joshualand, OH 90928",Wanda Stevens DVM,CUST1548,35,2,Female
"59754 Davis Lodge, Brianborough, ID 09899",Sara Marshall,CUST1549,47,2,Female
"97593 Tammy Common Apt. 458, New Wandaland, CT 88069",Thomas Riley,CUST1550,61,4,Female
"33795 Chang Lodge Apt. 209, Cynthiaside, UT 71960",Joshua Jones,CUST1551,38,3,Female
"8277 Joshua Estates, South Keith, VA 37576",Kathleen Tate,CUST1552,38,3,Male
"9546 Keith Loop Suite 174, South Vanessa, VA 94150",Bradley Browning,CUST1553,54,1,Male
"27963 Jeremy Turnpike Apt. 122, New Catherinehaven, SD 48779",John Gibson,CUST1554,47,2,Female
"1628 Marcus Curve, Port Kelly, OH 27659",Heidi Thompson,CUST1555,26,4,Female
"4692 Renee Mountains, East Jack, NJ 91455",George Johnson,CUST1556,63,4,Female
"2958 David Views Suite 044, East Jocelyn, SD 28289",Lauren Waters,CUST1557,65,1,Male
"7198 Michael Inlet, Campbellside, GA 40439",John Noble,CUST1558,19,4,Male
"7545 Brittney Ports Suite 299, Oliverland, CA 83500",Amy Rivera,CUST1559,64,1,Female
"124 Cox Isle Suite 805, West Tiffany, AL 77758",Patrick Davis,CUST1560,47,2,Female
"193 Olson Throughway Apt. 812, Lisachester, WY 87944",Clayton Miller Jr.,CUST1561,45,3,Male
"6710 Melanie Parkways, Rodriguezshire, VT 93644",Mariah Griffin,CUST1562,56,4,Male
"3643 Medina Forest, West Jeremyhaven, IL 61644",John Hicks,CUST1563,59,3,Female
"731 Fox Turnpike Suite 823, Millerfurt, AL 42265",Dr. Dustin Howard,CUST1564,66,1,Female
"USS Rush, FPO AP 59714",Kimberly Dickson,CUST1565,23,2,Male
"1861 Swanson Island, Ariasborough, NM 80629",Brooke Benjamin,CUST1566,66,3,Male
"4112 Monica Mission Apt. 192, North Cassandratown, MD 46621",Brian Anderson,CUST1567,21,1,Male
"4427 Carr Shores, Michaelview, NC 85111",Paul Rodriguez,CUST1568,41,4,Male
"8100 Macias Mountains, Cynthiaview, AL 11286",Heather Payne MD,CUST1569,66,4,Female
"5170 Justin Haven, Owensberg, CA 44396",Jessica Carrillo,CUST1570,51,1,Female
"012 Andrew Loop Apt. 036, Rodriguezbury, HI 47952",Kathryn Brown,CUST1571,56,1,Female
"33166 Ana Drive Suite 219, Pamelaview, GA 64110",Brenda Jordan,CUST1572,31,3,Female
"067 Waters Rapid Suite 027, Garrettfort, FL 37141",Susan Callahan,CUST1573,27,1,Female
"18148 Petty Pike Apt. 581, New Terrancemouth, OR 33961",Mary Colon,CUST1574,47,1,Male
"213 Connor Flat Suite 930, Chadchester, CA 30809",David Jones,CUST1575,37,3,Male
"787 Joseph Landing, New Adrianfort, MA 92671",Edward Aguilar,CUST1576,33,2,Male
"141 Gentry Club Suite 805, Lake Corey, IA 76240",Taylor Riggs,CUST1577,22,3,Male
"248 April Manor, Lake Julianland, KS 91852",Stephanie Houston MD,CUST1578,29,3,Female
"08698 Lynn Throughway, Pattersonfort, CT 21096",John Ramirez,CUST1579,30,4,Male
"3902 Caldwell Glens Suite 420, West Dylan, WA 24413",Jonathan Poole,CUST1580,40,2,Female
"Unit 8904 Box 3623, DPO AA 00602",Savannah Smith,CUST1581,27,4,Female
"687 Mendez Vista, Smithmouth, NE 63646",Michael Reed,CUST1582,22,3,Female
"95294 White Plain Suite 682, North Mary, VT 26922",David Le,CUST1583,61,3,Male
"9498 Moore Valleys, North Ralphside, IL 27371",Victoria Willis,CUST1584,46,1,Female
"7721 Andrew Harbors Apt. 123, Phillipsland, OR 90685",Rickey Wyatt,CUST1585,63,2,Female
"016 Rebecca Wall Suite 952, Sharonmouth, WI 47019",Patrick Lutz,CUST1586,24,2,Female
"7666 Simon Spurs Suite 773, New Patriciashire, VT 13823",James Lane,CUST1587,66,4,Female
"464 Bryan Manor, West Steven, IA 66041",Ashley Williamson,CUST1588,70,4,Male
"PSC 3343, Box 1997, APO AA 18371",Cynthia Cooper,CUST1589,52,1,Male
"413 Jacqueline Manor Suite 204, Peterchester, VA 38718",Jack Santiago,CUST1590,52,3,Female
"USCGC Dixon, FPO AA 01468",Melissa Le,CUST1591,69,2,Male
"34875 Good Views, Castroland, IL 96016",Linda Cox,CUST1592,38,1,Male
"4077 Christopher Plain Suite 404, Robinsonshire, ME 93754",Eric Fowler,CUST1593,22,4,Male
"2551 Natasha Club Suite 905, East Matthewbury, DC 82496",Karen Medina,CUST1594,66,3,Female
"7439 Jackson Street Suite 589, Caldwellville, CA 91397",Margaret White,CUST1595,42,1,Female
"06603 Sarah Summit Suite 392, Kaitlynberg, OR 26929",Daniel Pham,CUST1596,23,3,Female
"66803 Kimberly Vista Apt. 555, Devinburgh, UT 86515",Terry Stark,CUST1597,54,2,Male
"81889 Anderson Junctions Apt. 134, South Taylor, OH 32567",Deborah Johnson,CUST1598,21,4,Male
"681 Clark Stream Suite 521, Anthonyberg, NM 05089",Laura Paul,CUST1599,64,1,Male
"830 Angela Plains, West Sarahfurt, GA 72282",Austin Hall,CUST1600,41,2,Female
"84034 Jordan Alley, East Sarah, IL 87112",Linda Stephenson MD,CUST1601,37,3,Female
"370 Jesse Villages, Davisville, GA 69901",Ryan Nunez,CUST1602,30,3,Male
"1829 Michael Loaf Apt. 285, East Brookemouth, ME 18961",Dana Davis,CUST1603,45,2,Female
"4204 Marie Ridges Suite 022, Cindyport, TX 96562",Erin Cunningham,CUST1604,39,3,Male
"USNS Rios, FPO AA 77583",Connie Mclean PhD,CUST1605,57,4,Male
"34494 Michael Turnpike, West Jimmy, HI 38177",Jamie Reilly,CUST1606,24,1,Male
"Unit 6794 Box 8387, DPO AA 52625",Derrick Baldwin,CUST1607,43,4,Male
"8171 Cole Radial Suite 599, Campbellborough, ND 72529",Christina Collier,CUST1608,40,4,Male
"7081 Alvarado Place, Hudsonville, AR 70736",Samantha Cook,CUST1609,20,3,Male
"4211 Hart View, North Teresa, ME 50162",Nancy Bell,CUST1610,20,2,Male
"781 Alexander Grove, Blackburgh, CO 17478",Daniel Cruz,CUST1611,54,4,Male
"401 Gomez Circle Apt. 263, Jameschester, CT 76104",Rodney Gomez,CUST1612,56,1,Male
"2499 Coleman Common Suite 597, West Erikashire, AK 06114",James Ellison,CUST1613,58,1,Female
"265 Wesley Springs, Michellestad, NJ 53660",Monica Matthews,CUST1614,31,3,Female
"69012 Kemp Isle, Port Justin, PA 67188",Brandy Wallace,CUST1615,19,3,Female
"USCGC Thomas, FPO AP 84987",Valerie Cooper,CUST1616,61,2,Male
"USNS Baker, FPO AP 72922",Steven Bautista,CUST1617,57,3,Male
"82955 Stephanie Curve, Waltonton, AZ 73241",Timothy Williams,CUST1618,27,1,Male
"810 Judy Ways, East Peter, MN 14428",Brittany Williams,CUST1619,70,3,Female
"74531 Lori Forges Apt. 701, Lake Andrewview, ME 90570",Nicole Bowman,CUST1620,62,4,Male
"918 Richard Club Apt. 911, East Alexandra, WI 98042",Penny Vega,CUST1621,57,1,Male
"917 White Garden, East Renee, MA 31662",Leslie Flowers,CUST1622,18,4,Female
"638 Fisher Village Suite 669, Christineberg, ND 46450",Gina Acevedo,CUST1623,25,3,Male
"3848 Heidi Springs, New Jamesside, MT 62352",James Cisneros,CUST1624,35,4,Male
"6094 Kathleen Views Suite 976, Evansmouth, NE 59717",Valerie Lee,CUST1625,40,4,Male
"6133 Carlos Extensions, New Ruben, MT 13890",Lisa Simon,CUST1626,40,2,Female
"5996 Gordon Gateway Suite 404, Gonzalezbury, HI 75372",Lisa Castillo,CUST1627,25,3,Female
"046 York Bridge, North Sherryton, IL 32631",Raymond Suarez,CUST1628,36,3,Male
"6307 Escobar Ramp Suite 427, Josephton, TN 81619",Jodi Peterson,CUST1629,42,3,Male
"310 Aguilar Via, Michelefurt, PA 03195",Derek Cox,CUST1630,20,3,Male
"224 Kyle Heights, Joshuaville, AR 77737",Albert Klein,CUST1631,29,4,Female
"755 Cassandra Dam, Port Coreymouth, VT 39279",Stacey Fleming,CUST1632,27,1,Female
"746 Jacob Mill, Davisshire, MO 65902",Robin Stein,CUST1633,20,1,Female
"499 Anthony Keys Apt. 048, Port Stephanieside, UT 50540",Gary Ali,CUST1634,64,2,Female
"7135 Holland Grove Apt. 476, North Brookebury, MA 15400",Paul Briggs,CUST1635,21,1,Female
"6982 Amy Views Suite 339, Raymondstad, GA 30555",Stephanie Andrews,CUST1636,54,4,Male
"0544 Elizabeth Causeway Apt. 157, Jeffreyside, AR 11527",Terry Woodward,CUST1637,53,3,Male
"100 Guzman View Apt. 426, North Sharonville, OK 20604",Theresa Howard,CUST1638,31,4,Male
"6642 Laura Mountain, New Kristineton, MS 09372",Christian Smith,CUST1639,26,2,Male
"670 Sean Rest, South Hannahberg, DC 10597",Gina Watson,CUST1640,38,2,Male
"8300 Raymond Crossing, Port Cynthia, VA 40657",Rachel Taylor,CUST1641,26,4,Male
"41648 Best Inlet, Lewishaven, ME 24634",Holly Simpson,CUST1642,42,1,Male
"0083 Ann Tunnel, Quinnchester, HI 42348",Sheri Kelly,CUST1643,58,4,Female
"530 Thompson Route Apt. 408, Lake Nathan, CO 55037",Donna Greene,CUST1644,19,2,Male
"5177 Heidi Hill, Port Shelleyland, MN 17691",Kaitlin Guerrero,CUST1645,67,2,Female
"2457 Cruz Keys Suite 897, New Karenshire, MT 42495",Joel Burnett,CUST1646,18,2,Male
"290 Cooper Heights, Port Shawnburgh, KY 68557",Dana Clark,CUST1647,64,1,Male
"2887 Raymond Shoals Apt. 933, West Johnview, AZ 12686",Linda Martinez,CUST1648,23,2,Female
"7235 Hodges Ridges Apt. 607, Hernandezshire, NJ 73121",Karen Reyes,CUST1649,50,4,Male
"USNV Mann, FPO AE 27900",Jonathon Blackburn,CUST1650,18,3,Male
"154 Susan Lock Apt. 007, Erikshire, NC 28071",John Carney,CUST1651,62,1,Female
"1985 Mcintyre Path, Mooreside, KY 56869",Jennifer Campos,CUST1652,62,2,Female
"319 Amy Plaza Suite 011, Duranborough, FL 87248",Bryan Oneal,CUST1653,19,4,Female
"006 Joseph Unions Suite 249, Danielchester, IN 39538",Gina Boyer,CUST1654,34,3,Male
"196 Thompson Junction, Christopherfort, MA 74970",Damon Reyes,CUST1655,63,4,Male
"3604 Jeffrey Greens Suite 007, New Bonnieport, IA 13048",Alex Johnson,CUST1656,18,4,Male
"4650 Nelson Loop Apt. 382, Laurahaven, IA 45086",Reginald Garza,CUST1657,30,3,Female
"154 Joshua Avenue, Pagestad, VA 48159",Mark Smith,CUST1658,45,2,Male
"1659 Mora Radial, West Dylanbury, PA 59474",Elizabeth Wong,CUST1659,39,2,Female
"USNS Juarez, FPO AE 79980",Mandy Keller,CUST1660,58,3,Female
"863 Miller Mill, Michealburgh, AZ 95090",Daniel Owen,CUST1661,26,3,Male
"1096 Nolan Manors, Williamchester, IL 56201",Javier Smith,CUST1662,34,3,Female
"793 Steven Port, Louisberg, DE 56022",Sara Church,CUST1663,37,1,Female
"627 White Ridges, Port Laurenborough, AZ 51338",James Murphy,CUST1664,28,2,Female
"52659 Betty Spur, Hannahport, MO 54611",Tamara Gordon,CUST1665,59,3,Male
"113 Andrea Grove Apt. 594, Christensenbury, CA 44296",Kimberly Powell,CUST1666,37,4,Female
"114 Debra Forest Apt. 204, North Tracy, VT 12002",John Mitchell,CUST1667,67,2,Male
"635 Short Ville Suite 446, Port Breannamouth, MS 32666",Tony Walters,CUST1668,33,1,Male
"219 Larry Locks Apt. 716, New Kelly, SD 03484",Michelle Dyer,CUST1669,64,3,Male
"USS Parker, FPO AA 90112",Tiffany Spencer,CUST1670,57,2,Female
"5023 Aaron Light Suite 110, Harryton, MT 35964",Sarah Boyd,CUST1671,47,1,Male
"5173 Oneill Shoals, West Tina, TN 24190",Matthew Alvarez,CUST1672,31,4,Male
"15104 John Park, Port Ivanfort, SC 94675",Mark Hernandez,CUST1673,28,3,Male
"243 Robin Mill Suite 497, West Clintonfurt, IA 72190",Marc Stark,CUST1674,30,1,Male
"383 Buchanan Parkways Apt. 861, Haleyton, WI 32509",Jennifer Bradley,CUST1675,37,2,Female
"22396 Bethany Locks, West Jeremiahland, CA 06807",Aaron Robertson,CUST1676,56,1,Male
"Unit 1301 Box 2521, DPO AA 57724",Paige Vega,CUST1677,61,4,Male
"579 Martinez Ridge Suite 916, Danahaven, PA 10055",Stephanie Humphrey,CUST1678,59,3,Female
"83602 Taylor Station, Schmidtview, KY 15583",Ryan Harris,CUST1679,22,4,Male
"97405 Sheri Locks, Lake Adam, FL 38466",Mariah Thompson,CUST1680,27,2,Female
"702 Curtis Forges Apt. 614, North Ericside, FL 63999",Kathleen Lewis,CUST1681,44,2,Male
"788 Miller Squares Suite 476, Woodsport, OR 22850",Meghan Hampton,CUST1682,56,4,Male
"719 Troy Rapid, Port Kyle, MO 35674",Stephen Butler,CUST1683,69,4,Male
"653 Luke Branch, Lonnieshire, CO 18789",Kelly Reese,CUST1684,47,2,Female
"83693 Mary Walk Apt. 184, North Jenniferview, SD 15979",Samantha Matthews,CUST1685,19,3,Male
"94115 Nathan Union Apt. 214, Jessicachester, IA 11551",Tiffany Gross,CUST1686,62,3,Male
"2990 Mark Hills Apt. 879, Russellberg, UT 04703",Keith Drake,CUST1687,44,1,Female
"75211 Alvin Glen Suite 959, Summersshire, MT 43116",Tara Wheeler,CUST1688,67,3,Male
"915 Boyer Underpass, West Christinaland, OK 89502",Jason Chavez,CUST1689,49,4,Female
"1681 Robinson Pine Suite 656, Port Christianmouth, VT 50910",Mary Harvey,CUST1690,66,3,Female
"80647 Beard Park Apt. 624, North Sallyshire, VA 88300",Gerald Owen,CUST1691,30,4,Male
"0203 Victoria Bridge Suite 193, Belindafurt, RI 31010",Ashley Hernandez,CUST1692,20,2,Male
"USS Bolton, FPO AA 04060",Vincent Smith,CUST1693,69,2,Male
"Unit 0045 Box 6680, DPO AP 66845",Andrew Hoover,CUST1694,47,1,Female
"76389 Melanie Parkway, North Shawn, NH 85756",James Mullins,CUST1695,26,3,Male
"473 Martinez Port Apt. 457, Jensenburgh, WY 70812",Kimberly Harrison,CUST1696,36,1,Male
"952 Matthew Ferry Suite 826, Josephside, TN 36996",Elizabeth Carlson,CUST1697,55,1,Male
"022 Galvan Lodge, Walkerburgh, ND 55829",Heather Taylor,CUST1698,39,2,Male
"3894 Jennifer Squares, West Martinborough, UT 14721",Jessica Garcia,CUST1699,61,3,Female
"56612 Karen Rapid, Kimberlyberg, WY 50489",Cheryl Garcia,CUST1700,55,3,Male
"881 Mitchell Freeway, Patrickside, IL 32808",Lee Wiley,CUST1701,31,1,Male
"398 Baldwin Knolls Suite 862, Lake Paulaton, MS 67388",Amber Johnson,CUST1702,24,1,Female
"92914 Blackwell River Suite 621, East Brandon, VT 73542",Michael Johnson,CUST1703,44,1,Male
"91700 Ayers Brooks Apt. 679, Andrewland, WA 17681",David Ford,CUST1704,43,4,Female
"35290 Jessica Plains, Jenniferland, MA 95966",Jennifer Scott,CUST1705,68,2,Male
"918 Cline Trafficway Suite 395, East Shelley, WV 34873",Rhonda Holmes,CUST1706,67,4,Male
"92850 Shannon Path, Smithburgh, MO 21486",Paula Black,CUST1707,30,4,Female
"0781 Jessica Curve, Port Aprilport, LA 99553",Jacob Anderson,CUST1708,38,2,Male
"9512 Jennifer Harbor, Ellisshire, MA 73751",Brian Powell,CUST1709,42,4,Male
"904 Parsons Viaduct Suite 461, Howardshire, MA 30615",Lisa Rodriguez,CUST1710,59,1,Female
"USS Miller, FPO AP 62125",Sheena Petersen,CUST1711,21,1,Male
"3197 Simpson Trail Suite 531, Port Shannonport, AK 66701",Joseph Nelson,CUST1712,20,3,Male
"Unit 1785 Box 8610, DPO AE 00952",Edward James,CUST1713,33,1,Female
"3889 Leslie Motorway Suite 430, Brownside, SD 68268",Claire Stout,CUST1714,49,4,Female
"40467 Johnson Loaf Suite 777, South Karen, AL 49741",Corey Patterson,CUST1715,38,3,Female
"501 Michael Field, South Emma, SD 37490",Chad Baldwin,CUST1716,19,3,Male
"1365 Scott Lights, Lopezborough, OH 31589",Scott Snow,CUST1717,41,2,Male
"42218 Brown Turnpike, Parkermouth, AK 51958",Lindsey Moore MD,CUST1718,23,2,Male
"89827 Clark Pass Suite 390, East Richard, CO 58982",James Lee,CUST1719,54,3,Female
"7869 Sarah Bridge Suite 081, New Joshuahaven, SC 94091",Christina Sullivan,CUST1720,66,1,Female
"62617 Crystal Cliff Suite 473, South Jacobhaven, VT 23154",Katelyn Stewart,CUST1721,35,2,Female
"4946 Williams Burg, Kimmouth, AK 14405",Brian Gallegos,CUST1722,56,1,Male
"8008 Timothy Loaf Apt. 941, Gloriastad, WA 84310",Stephen Vargas,CUST1723,37,2,Male
"51384 Rachel Pass, Lake Davidstad, CA 27915",Phyllis Nelson,CUST1724,64,3,Female
"3030 Colleen Brooks Suite 509, North Nicoleberg, TX 71493",Sarah Jordan,CUST1725,35,2,Male
"77899 Kelly Fords Apt. 147, South Madisonburgh, ND 23892",Nancy Barry,CUST1726,19,3,Female
"180 Jennifer Drive, South Kevinchester, TN 23028",Megan Gilbert,CUST1727,31,2,Male
"29653 James Drive Suite 069, East Elizabeth, IL 95206",Daniel Smith,CUST1728,63,4,Female
"517 Reynolds Highway, Smithhaven, TX 81849",Miranda Vasquez,CUST1729,56,4,Female
"53711 Anne Dale Suite 867, Carpenterfurt, RI 15249",Rose Smith,CUST1730,20,1,Female
"USCGC Thomas, FPO AP 65921",Kelsey Wright,CUST1731,30,1,Female
"4767 Harvey Circle, Reyesview, IA 84790",Christopher Roberts,CUST1732,65,3,Female
"358 Butler Rapids Suite 318, Landrystad, ID 32104",Mary Owens,CUST1733,46,2,Female
"328 Xavier Islands Suite 501, South Gregoryport, NE 12193",Dawn Carroll,CUST1734,54,2,Female
"46972 Danny Camp Apt. 191, South Jessicachester, SC 33544",David Anderson,CUST1735,62,4,Female
"5239 Eric Locks Apt. 259, Garciaside, LA 48693",Christine Hardin,CUST1736,45,1,Female
"611 Kim Squares Suite 025, East Carlos, FL 69291",Robert Turner,CUST1737,37,4,Female
"30153 Carlson Mews Suite 393, Port Cherylmouth, RI 15755",Christine Stephens,CUST1738,47,3,Female
"97340 Ramirez Ranch, Lake Kenneth, NY 05675",Diana Thornton,CUST1739,58,3,Female
"2028 Casey Plaza Suite 560, Geoffreytown, IL 21685",Christopher Olson,CUST1740,57,4,Male
"73796 Kendra Lane, Clarkburgh, KY 94079",Karen Randall,CUST1741,51,2,Female
"6328 Ramsey Branch Suite 732, New Denise, OK 73781",Tamara Butler,CUST1742,41,4,Female
"9704 Rivera Hill, New Elizabethborough, FL 02917",Levi Espinoza,CUST1743,59,2,Female
"Unit 7306 Box 6725, DPO AA 53347",Jeff Jackson,CUST1744,33,2,Female
"104 Deborah Vista Suite 700, Lake Ericburgh, PA 71948",Katherine Kelley,CUST1745,35,1,Female
"2588 David Court Apt. 907, New Michaelborough, AK 92722",Kimberly Barber,CUST1746,43,1,Female
"516 Moreno Overpass Apt. 561, Stacyshire, VT 94986",Ian Kelly,CUST1747,59,3,Female
"018 Nancy Drive, Alexamouth, MS 49972",Anthony Stephens,CUST1748,65,3,Female
"685 Waller Row Apt. 666, Timothyborough, HI 09630",Brian Taylor,CUST1749,53,2,Male
"PSC 5100, Box 2205, APO AA 66254",Linda Joyce,CUST1750,45,3,Male
"7013 John Hollow, Stephaniestad, TN 65377",Jackie Kelly,CUST1751,36,2,Male
"559 Donna Spring Apt. 088, Royberg, CO 82583",Theodore Alexander,CUST1752,28,1,Female
"01289 Martin Shoals Suite 019, New Philipmouth, MD 08119",Jamie Adams,CUST1753,31,3,Male
"7480 Brady Junctions, Lake Joshua, OR 23781",Mary Mcintosh,CUST1754,63,4,Male
"74513 Karen Street, Port Tammy, FL 63480",Jose Navarro,CUST1755,66,4,Female
"6741 Bird Plains, New Angelamouth, OK 75291",Daniel Hood,CUST1756,37,3,Male
"5319 Walker Meadows, Lake Eugeneville, AZ 30163",Alicia Ryan,CUST1757,50,3,Female
"486 Webb Unions, West Patriciaville, MI 69143",Ruth Nelson,CUST1758,56,3,Female
"51052 Kimberly Turnpike Suite 898, Joshuatown, VA 54691",Corey Lopez,CUST1759,41,3,Male
"682 Peters Camp, West Danielberg, PA 34403",Sharon Nichols,CUST1760,23,4,Female
"13443 White Courts, Johnberg, OR 08375",Chelsea Salazar,CUST1761,70,1,Female
"85666 Jennifer Green Apt. 965, Tonyaton, AK 83633",Kristina Kelley,CUST1762,22,3,Female
"PSC 1529, Box 9423, APO AE 32029",Todd Rios,CUST1763,37,2,Male
"55485 Taylor Glen, West Erinfurt, CT 34764",Mrs. Destiny Martin,CUST1764,69,3,Female
"999 Hanson Mill Apt. 744, Port Jamesview, FL 02410",Cynthia Collins,CUST1765,30,3,Male
"334 Davis Meadows Suite 345, Lake Sierrabury, NY 48263",Diane Schneider,CUST1766,27,3,Female
"0156 Smith Parkway Suite 748, Morganmouth, ND 74700",Laura Crawford,CUST1767,70,4,Male
"35464 Melanie Mills Suite 927, Christopherport, NM 24332",Chad Stewart,CUST1768,45,3,Male
"25365 James Squares Suite 032, Colleenton, NM 12286",Adrian Smith,CUST1769,50,3,Female
"PSC 8506, Box 5763, APO AP 39601",Susan Davis,CUST1770,19,2,Female
"6117 William Rapid, Wallaceborough, MT 12570",James Alvarez,CUST1771,69,1,Male
"268 Michele Manors Suite 259, Christopherfort, OR 81893",Mr. Terry Mann,CUST1772,61,4,Male
"364 Perez Curve Suite 367, Port Dennis, KS 29398",Christopher Holloway,CUST1773,29,2,Female
"3652 Melissa Turnpike Suite 727, Williamsland, CA 66708",Dakota Mcgee,CUST1774,31,2,Male
"1811 Michael Tunnel, Ashleyview, MA 99414",Emma Hernandez,CUST1775,34,2,Male
"430 Bradley Valleys, New Brittney, NY 01722",Rachel Carr,CUST1776,51,2,Male
"326 Morales Road Apt. 340, Justinview, MN 21974",Kelly Stevenson,CUST1777,37,2,Male
"50260 Jill Ridges, Lake Renee, AZ 41810",Jennifer Miller,CUST1778,18,2,Female
"USNS Smith, FPO AP 16954",Tanya Price,CUST1779,54,1,Male
"36575 Butler Drives Apt. 731, Mistyview, MT 46913",Gina Gallegos,CUST1780,64,3,Female
"USCGC Brown, FPO AA 03897",James Lewis,CUST1781,20,2,Female
"73949 David Field Suite 168, Juliamouth, LA 57336",Joyce Fisher,CUST1782,22,4,Female
"1531 Samantha Village, West Derek, IN 48865",Kenneth Warren,CUST1783,37,2,Male
"134 Sydney Oval Apt. 716, Lake William, ND 09204",Matthew Mendoza,CUST1784,21,4,Female
"Unit 5129 Box 9267, DPO AA 65486",Thomas Miles,CUST1785,45,1,Male
"37879 Hogan Mountains Apt. 800, Dorseymouth, IN 33451",Claudia Nunez,CUST1786,43,2,Male
"124 Denise Expressway, South Matthewhaven, NJ 66555",Omar Erickson,CUST1787,59,1,Male
"6201 Dawson Via Apt. 504, Caitlynfurt, ME 76531",Gabrielle Martinez,CUST1788,57,3,Male
"1022 Becker Run Apt. 847, Cathyton, FL 45451",Katherine Johnson,CUST1789,64,1,Male
"28672 Turner Spur Suite 614, North Stephanie, LA 74883",Sean Shaw,CUST1790,60,1,Male
"17853 John Drives, East Michaelfurt, CA 36533",Danny Gray,CUST1791,61,4,Male
"453 Jennifer Circles Apt. 236, Rivaschester, PA 89596",David Moore,CUST1792,31,1,Female
"257 Chan Causeway, Fosterchester, AR 22719",Sharon Ramirez,CUST1793,33,3,Male
"09010 Riley Square, North Melaniemouth, NM 46240",Tommy Green,CUST1794,42,3,Female
"54753 Meyer Parkways Suite 050, South Timothy, CO 21351",Lori Jefferson,CUST1795,29,2,Female
"830 Woods Plain, South Leeland, UT 06382",Sarah Rich,CUST1796,32,2,Male
"8640 Mckee Lakes Suite 999, Tylerland, NE 79569",Timothy Rodriguez,CUST1797,41,1,Male
"USNS Gonzales, FPO AE 53606",Joshua Lane,CUST1798,67,4,Female
"PSC 8672, Box 3225, APO AE 98963",Elizabeth Jordan,CUST1799,69,4,Female
"03658 Charles Landing, Donaldville, KY 54929",Elizabeth Mccarthy,CUST1800,63,4,Male
"0527 Wagner Plain Suite 650, South Lauren, MS 75923",Teresa Mccullough,CUST1801,21,1,Male
"35086 Brittany Tunnel Apt. 291, West Matthewmouth, VA 03798",Juan Washington,CUST1802,27,3,Male
"835 Christopher Spur, Lake Emmaberg, DE 41165",Christopher Robinson,CUST1803,70,1,Male
"26668 Smith Circles, Lake Jessicamouth, WA 73147",Juan Stephenson,CUST1804,36,2,Male
"3705 Paul Fall Suite 101, East Samuel, VT 18378",Shawn Burns,CUST1805,61,2,Male
"2609 Carrie Isle Suite 029, Thomasburgh, NC 30540",Steven Scott,CUST1806,20,1,Male
"123 Adam Passage Suite 982, North Erik, SC 10670",Jodi Fisher,CUST1807,24,1,Female
"Unit 8516 Box 1504, DPO AP 58405",Frank Arroyo,CUST1808,65,1,Female
"21733 Ford Parks, East Annaburgh, RI 62835",Benjamin Lee,CUST1809,47,4,Male
"15326 Zachary Mountains Suite 047, Carrillofort, AZ 59600",Madison Jones,CUST1810,58,4,Female
"1294 John Trail, Cookberg, WI 58375",Jennifer Beck,CUST1811,51,1,Female
"78486 Amy Squares Apt. 298, New Brandonburgh, NE 54203",Sandra Bell,CUST1812,18,3,Male
"184 Meyers Garden Apt. 321, Tinaport, PA 68949",James Griffin,CUST1813,36,2,Female
"1338 Murillo Run Suite 466, Campbellburgh, NH 93437",Julie Garza,CUST1814,37,3,Male
"USCGC Herring, FPO AA 20908",Kenneth Andrews,CUST1815,41,3,Female
"06938 Marvin Hill, Lake Andrew, MD 21346",Brandon Fuentes,CUST1816,44,3,Female
"3158 Ramirez Islands, East Robert, NH 01949",Sarah Bowen,CUST1817,20,3,Female
"832 Walker Dale Apt. 313, Brooksshire, NY 59716",Mr. Christopher Johnson,CUST1818,69,3,Female
"97178 Weeks Haven Suite 030, Parkershire, NJ 12037",Christian Vasquez,CUST1819,57,2,Female
"27337 Jamie Mountain Suite 229, East Elaine, WI 99698",Elizabeth Jones,CUST1820,47,3,Female
"5122 Savage Court Suite 958, New Debraborough, NM 15593",Ashley Gutierrez,CUST1821,47,1,Male
"38496 Sherry Radial, Greenfort, OK 57143",Jessica Rios,CUST1822,32,2,Male
"9031 Pierce Corner, Longhaven, PA 38687",Brittney Woodward,CUST1823,44,3,Male
"2224 Allen Vista, North Susanport, MN 25416",John Fox,CUST1824,40,3,Male
"93055 Andrea Mews Apt. 431, Port Vanessa, WI 56446",Ronald Harrison,CUST1825,56,4,Male
"8473 Gonzalez Knolls Apt. 188, Nicholasport, UT 29190",Deanna Richards,CUST1826,38,1,Male
"880 Beard Greens Suite 009, South David, KS 19250",Joseph Herman,CUST1827,32,3,Female
"9798 Aaron Road Suite 160, Hardinside, ND 78279",Robert Munoz,CUST1828,61,1,Male
"166 Rodriguez Flats Apt. 987, South Matthewburgh, WV 04258",Danielle Lowe,CUST1829,59,4,Male
"PSC 3186, Box 6972, APO AP 16045",Jenna Grant,CUST1830,46,1,Male
"472 Stevens Islands Apt. 976, Annaberg, KY 16922",Katherine Lewis,CUST1831,59,3,Male
"57729 Melton Crossroad, Justintown, MD 68539",Nancy Robinson,CUST1832,26,3,Male
"89499 King Lane, East Steven, NJ 28251",Anthony Krause,CUST1833,49,4,Male
"53728 Maria Points, Smithport, AZ 95221",Juan Reilly,CUST1834,30,3,Male
"59460 Hansen Landing, South Michaelbury, VA 42053",Jeffrey Chandler,CUST1835,59,4,Male
"PSC 8280, Box 4692, APO AP 40286",Jennifer Marks,CUST1836,30,2,Female
"907 Phillips Trafficway Apt. 235, New Michaelmouth, CT 12218",William Carney,CUST1837,48,3,Male
"7587 Gonzalez Parkway, Christophermouth, AL 01475",Victor Chang,CUST1838,33,2,Female
"5293 Daniel Run Suite 858, Lake Oliviaview, DC 14725",Michele Martinez,CUST1839,37,2,Male
"Unit 6605 Box 3910, DPO AA 45076",Michael Johnson,CUST1840,60,3,Male
"USNS Barnes, FPO AA 21006",Eric Moore,CUST1841,18,1,Male
"398 Jessica View, Jonestown, NM 21711",Frank Johnson,CUST1842,30,2,Male
"73456 Kathryn Islands Apt. 042, Anthonychester, WA 57805",Jennifer Huff,CUST1843,34,3,Female
"360 Tiffany Circle Apt. 013, Markview, VT 08661",Kathryn Pearson PhD,CUST1844,21,2,Male
"009 Smith Crescent Apt. 433, Martinville, VA 02818",Anthony King,CUST1845,66,2,Male
"77474 Sarah Lane, West Michaelton, CA 80571",Scott Flores,CUST1846,34,2,Female
"594 Jennifer Ports Suite 170, Port Taylor, NJ 13114",Cynthia Ingram,CUST1847,42,4,Female
"431 Sparks Orchard Apt. 297, New Angelafort, AZ 55881",John Simpson,CUST1848,25,4,Male
"438 Samantha Mission, Deniseburgh, OH 69602",Taylor Lambert,CUST1849,41,4,Male
"83930 Casey Circles, Estesbury, HI 88509",Holly Thomas,CUST1850,18,2,Female
"34838 Ashley Corner, Robertville, VA 55043",Vanessa Webb,CUST1851,52,1,Female
"75967 Mitchell Neck, South Benjamin, MS 50191",George Perez,CUST1852,51,3,Male
"566 Ramos Point Apt. 985, East Kimberlyport, IA 51612",Autumn Mcintyre,CUST1853,25,2,Male
"72966 Dylan Avenue Suite 763, West Kara, NC 10321",Kevin King,CUST1854,62,1,Male
"33705 Jose Inlet Suite 791, Waltonborough, WV 04005",Charles Martin,CUST1855,26,3,Female
"8080 Perez Shores, Henryberg, KS 49061",Ruth Carey,CUST1856,42,4,Female
"6700 Hamilton Islands, Leeport, NE 43221",Willie Carroll,CUST1857,40,1,Male
"25844 Scott Terrace Apt. 769, Ramirezport, CO 23380",Karen Torres,CUST1858,46,1,Female
"34478 Stefanie View Suite 170, Gonzalezberg, OK 07112",Martin Sanchez,CUST1859,50,3,Female
"651 Douglas Path Suite 408, New Mark, ND 07713",Wanda Bright,CUST1860,62,1,Male
"92543 Carolyn Stream Suite 733, Lake Karenton, DC 44542",Dominique Cowan,CUST1861,50,1,Female
"8550 Monica Pass Apt. 213, Caldwellview, WI 05094",James Craig,CUST1862,40,4,Female
"659 Marc Mill, Garrettport, NE 17948",Jennifer Rodriguez,CUST1863,65,3,Male
"659 Dennis Pines Apt. 143, New Ronald, NJ 27459",Anthony Lynch,CUST1864,36,3,Female
"618 Barrett Cliffs Suite 650, South Joseph, CA 88047",Rebecca Cox,CUST1865,52,3,Male
"63865 Whitehead Port Suite 748, Shawntown, NH 17757",Catherine Finley,CUST1866,45,1,Female
"189 Martinez Stream, Lake Cynthia, IL 19588",Donna Lloyd,CUST1867,47,4,Female
"72208 Anderson Flat Apt. 446, Duranmouth, SC 76518",Danielle Carey,CUST1868,26,1,Male
"14249 Williams Port, North Brendaborough, WI 52657",Paul Garrett,CUST1869,19,3,Female
"25530 Sherry Light, Lake Matthewshire, KS 37802",John Wheeler,CUST1870,68,4,Male
"02323 Robert Views Apt. 984, New Christineberg, IA 24321",Emily Curry,CUST1871,55,2,Female
"32370 Levy Keys, East Madelinechester, VA 63558",Erika Green,CUST1872,40,2,Male
"6034 Kayla Vista, Rodriguezhaven, AZ 67657",Janet Perez,CUST1873,56,4,Female
"8862 Lane Valleys, Rodriguezchester, AL 36264",Dennis Skinner,CUST1874,68,1,Male
"729 Goodwin Freeway Apt. 813, Hamiltonmouth, TX 28752",Cody Harris,CUST1875,20,3,Male
"2392 Blackwell Isle, Jenniferfurt, HI 08403",Jessica Haynes,CUST1876,26,2,Female
"48586 King Coves, Petersonbury, OR 19223",Rachel Bailey,CUST1877,57,3,Male
"5739 Campbell Spring Apt. 767, New Stevenburgh, NE 26579",Sandra Crawford,CUST1878,28,4,Male
"361 Nancy Park, Kathrynstad, MT 11920",Katherine Grimes,CUST1879,44,1,Female
"7204 Haney Valleys Apt. 389, Calvinchester, WI 45312",James Evans,CUST1880,43,1,Male
"38816 Valdez Falls Apt. 699, Johnsonville, MN 74930",Alexis Richardson,CUST1881,66,1,Female
"851 Jessica Mill Apt. 052, North Wendy, MT 09070",Jesus Chapman,CUST1882,65,2,Female
"54805 Rogers Track Apt. 289, Mooreport, ND 45919",Daniel Martin,CUST1883,46,4,Male
"670 Owens Trail Apt. 095, Ballside, MT 45963",Carl Lee,CUST1884,49,4,Male
"042 Nancy Knolls Apt. 826, North Benjaminburgh, MN 72652",Joseph Watkins,CUST1885,52,3,Male
"682 Mcdaniel Motorway Suite 586, Kevinmouth, VT 24071",James Blevins,CUST1886,20,2,Female
"4945 Anderson Mission, West Rhonda, AL 83846",Jessica Flores,CUST1887,23,3,Male
"6524 Richards Streets, West Kristinchester, HI 30116",Luis Pearson,CUST1888,30,2,Male
"USCGC Bradley, FPO AE 49200",Yolanda Randolph,CUST1889,54,2,Female
"57195 Brenda Road, East Ashley, NV 46570",Holly Ramos,CUST1890,28,2,Male
"5835 Amber Fields, Gibsonstad, ME 77308",Jessica Foster,CUST1891,24,4,Male
"3165 Eaton Mission Apt. 336, Normanchester, NE 95575",Christopher King,CUST1892,44,2,Female
"57836 Nicole Plains Apt. 870, Port Jeremymouth, AZ 81028",Dr. Brittany Santos,CUST1893,29,3,Male
"20227 Cannon Haven Apt. 458, New Joshuaport, NV 60927",Douglas Russo,CUST1894,64,4,Male
"PSC 7430, Box 3091, APO AP 67213",Pamela Reeves,CUST1895,51,2,Female
"2567 Tucker Branch, Greenborough, AZ 53461",Andrew Williams,CUST1896,50,3,Female
"2123 Mary Hill, Davisport, CT 23952",Melanie Bishop,CUST1897,28,3,Female
"20478 Obrien Field Apt. 383, West Danaside, FL 11071",Christina Mcgrath,CUST1898,63,4,Female
"847 Aaron Valleys, Vazquezland, NM 38304",Christine Ortega,CUST1899,33,1,Female
"0489 Rebecca Spurs Apt. 285, Bobbymouth, MS 38608",Pamela Lewis,CUST1900,28,1,Female
"78560 Colon Pines, Velasquezhaven, DC 49885",Joshua Rose,CUST1901,61,4,Male
"17859 Decker Landing, South Brandyborough, NM 37720",Edward Santiago,CUST1902,59,4,Male
"6834 George Row Apt. 392, West Alexander, NC 99811",Michael Todd,CUST1903,49,4,Female
"7943 Petersen Via Suite 833, Lake Melanieport, IN 02558",Dennis Herrera,CUST1904,31,1,Male
"431 Chelsea Valley, Santiagoport, WA 40786",Jeff Oneal,CUST1905,67,1,Male
"586 Miller Street Apt. 970, New Debra, TX 88667",Dennis Gonzales,CUST1906,47,1,Male
"56972 Gomez Heights, Amyport, NV 94531",Hannah Rodriguez,CUST1907,28,3,Female
"2422 Olson Pine Suite 127, New Jeff, VA 92208",Erin Hawkins,CUST1908,24,1,Male
"97197 Bowen Isle, Jessicaberg, AL 40481",William Johnson,CUST1909,52,4,Male
"79549 Duncan Alley Apt. 771, North Alexandrachester, OR 13676",Jimmy Merritt,CUST1910,23,1,Female
"4269 Johnson Fork Apt. 643, Calvinfort, ND 45983",David Collins,CUST1911,31,1,Male
"PSC 5589, Box 5198, APO AA 92110",Alexander Johnson,CUST1912,68,4,Female
"9632 Teresa Islands Apt. 261, New Dianatown, SC 53475",Nicole Duran,CUST1913,39,2,Female
"2433 Gina Ridges Apt. 328, North Daniel, DE 57961",Allen Huerta,CUST1914,67,3,Male
"USS Bell, FPO AP 80291",Whitney Anderson,CUST1915,67,3,Female
"2553 Ibarra Port Suite 501, Emilyburgh, MA 48078",David Henderson,CUST1916,56,4,Male
"575 Freeman Via Suite 258, South Duanemouth, IL 88543",Daniel Hood,CUST1917,24,1,Male
"8577 Eric Throughway, Billport, NY 19099",Brianna Rhodes,CUST1918,40,1,Female
"091 Sanders Lock Apt. 468, Roachfort, KY 67400",Sarah Park,CUST1919,55,3,Male
"4378 Tapia Trafficway Apt. 793, South Bryce, VT 18757",Michael Brooks,CUST1920,39,2,Female
"08491 Debra Field Suite 507, Leslieburgh, LA 97969",Jeffrey Hubbard,CUST1921,24,1,Female
"7657 Kenneth Path Apt. 951, North Stephenshire, MA 93635",Mary Martinez,CUST1922,23,3,Female
"9200 Johnson Avenue, Port Caleb, WA 16997",Courtney Johnston,CUST1923,67,2,Male
"776 Carlson Radial Suite 751, Elizabethtown, MO 79088",Derek Pineda,CUST1924,62,2,Female
"1329 Nelson Loaf, Lake Elizabethburgh, AL 61067",Matthew Mason,CUST1925,21,2,Male
"182 Jones Underpass Apt. 816, Port Linda, OH 83614",Eric Gregory,CUST1926,56,3,Male
"78130 Ashley Crescent, West Baileyview, VA 91708",Nicholas Sandoval,CUST1927,22,1,Female
"780 Allen Ramp, Andresshire, SC 31568",Jennifer Shaw,CUST1928,22,1,Male
"93441 Decker Stream, North Teresa, NY 97498",Michael Howell,CUST1929,39,4,Male
"161 Michael Bypass Suite 023, Port Elizabethburgh, CO 83373",Cheryl Chavez,CUST1930,68,2,Male
"280 Bryant Ports Apt. 727, Foleyside, CT 52143",Maria Proctor,CUST1931,69,1,Male
"Unit 7324 Box 8928, DPO AE 49190",Leroy Barker,CUST1932,62,2,Male
"40064 Richard Hills Suite 835, Conleyberg, IN 96239",Fernando Barton,CUST1933,53,2,Female
"013 Laura Way Apt. 952, Wilsonburgh, AL 48653",Jessica Simmons,CUST1934,26,4,Female
"588 Ray Drives, South Carlos, MD 40903",Casey Jordan,CUST1935,44,3,Female
"USNS Davis, FPO AA 65526",Ashley Morales,CUST1936,35,2,Male
"94564 Teresa Forge Suite 253, West Matthew, IA 38766",Zachary Johnson,CUST1937,29,4,Female
"54272 Kurt Fort Apt. 453, East Travisside, TX 50274",Brittany Perkins,CUST1938,62,4,Female
"PSC 8981, Box 4231, APO AE 51762",Melanie Taylor,CUST1939,37,3,Male
"40842 Dudley Village Suite 762, Lake Elijah, NJ 71174",Glenn Castro,CUST1940,47,3,Female
"3206 Mclaughlin Fields, Katieborough, IN 26021",Steven Campbell,CUST1941,57,2,Female
"USS Christensen, FPO AE 26039",Mark Howard,CUST1942,60,3,Female
"1878 Williams Islands Suite 107, Barrerafort, MA 66235",Jessica Massey,CUST1943,46,2,Female
"4416 Kimberly Drive Apt. 151, South Joshuashire, UT 65464",Jenna Figueroa,CUST1944,18,3,Male
"792 Ballard Burg Apt. 593, Lake Danielle, NV 74614",Maria Johnson,CUST1945,47,3,Male
"434 Jade Alley Apt. 543, Catherineborough, OR 70156",Brianna Maynard,CUST1946,49,3,Female
"PSC 7901, Box 0580, APO AP 42097",Ashley Harvey,CUST1947,20,4,Male
"9563 Martin Lights Suite 280, Warrenstad, HI 25652",Thomas Romero,CUST1948,55,4,Female
"106 Stacy Street Suite 368, Port Jenniferberg, NV 71464",Matthew Chambers,CUST1949,54,3,Female
"4598 Patrick Crossroad Apt. 258, East James, ID 11184",Jerry Ho,CUST1950,58,2,Female
"721 Parker Turnpike, Lake Michael, PA 64228",James Gibson II,CUST1951,34,1,Female
"127 Ana Overpass, Brownville, FL 89115",Colin Johnson,CUST1952,56,4,Female
"5922 Leblanc Rest Suite 214, Port Eric, ID 80147",Patricia Greene,CUST1953,51,2,Female
"480 Hill Street Apt. 630, West Georgeport, MI 93217",Sarah Davis,CUST1954,44,4,Female
"50099 Shane Coves, Charlesstad, SD 05633",Angel Holden,CUST1955,49,2,Female
"501 Scott Plaza, Melissaport, MO 86618",Holly Chapman DDS,CUST1956,65,2,Male
"9742 Simmons Shore Suite 781, Nuneztown, OR 60116",William Morris,CUST1957,20,1,Male
"2640 Jessica Cape Suite 452, Sanchezport, OR 51757",Kevin Jones,CUST1958,26,4,Male
"83548 Dustin Skyway Suite 514, North Adam, TX 67952",Michele Anderson,CUST1959,58,4,Male
"USNV Valdez, FPO AP 26545",Jennifer Owens,CUST1960,40,2,Male
"Unit 4153 Box 9827, DPO AA 79658",Monica Davis,CUST1961,58,3,Female
"1308 James Way Apt. 569, East Amber, NC 83859",Alexandra Coleman,CUST1962,26,4,Male
"51273 Nathan Well, Schmidtshire, VT 53057",Reginald Underwood,CUST1963,55,1,Male
"Unit 5240 Box 7904, DPO AE 12137",Susan Stone,CUST1964,60,2,Male
"665 Hughes Motorway, Joseview, ND 04894",Jeanette Price,CUST1965,19,3,Female
"79623 Cardenas Wells, East Heathermouth, NY 71801",Robert Bennett,CUST1966,25,4,Male
"789 Robert Junction, South Hannahberg, ME 79673",Susan Williams,CUST1967,57,1,Female
"969 Monroe Forges Suite 163, Rojasview, AK 84001",Marcus Owens,CUST1968,20,3,Female
"439 Wilkinson Valleys, Port Ricardo, HI 85501",Mario Barrera,CUST1969,63,1,Male
"898 Allen Courts, Walkerfort, VT 02325",Ryan Wells,CUST1970,58,2,Male
"PSC 6914, Box 5551, APO AP 72128",Dwayne Jones,CUST1971,48,3,Female
"6885 Jessica Fields, New Christopher, MA 59264",Jenna Smith,CUST1972,69,1,Male
"0972 Lewis Grove, Port Christinechester, KY 19313",Sydney Rogers,CUST1973,34,1,Female
"55119 Lynn Pike Suite 912, New Nicoleville, NH 37463",Andrew Williams,CUST1974,19,2,Male
"7292 Lori Bridge, Waltersport, ID 15275",Anthony Hicks,CUST1975,34,3,Male
"776 White Underpass, Port Tony, MA 10493",John Grant,CUST1976,61,2,Female
"74086 Moore Road Apt. 566, Anthonymouth, MD 71822",Kristin Wilson,CUST1977,18,4,Female
"4152 Michael Lakes Apt. 154, Castrofort, CA 70145",Travis Forbes,CUST1978,26,2,Male
"64777 Courtney Expressway Suite 478, Coxmouth, DE 54177",Morgan Patton,CUST1979,61,1,Female
"1410 Gordon Drive Suite 311, Rangelton, VA 25875",Linda King,CUST1980,28,2,Male
"980 Martinez Falls, West Tasha, MO 21191",Cheryl Hammond,CUST1981,66,2,Female
"2960 Nicholas Ranch, East Edward, DE 17474",Alan Clark,CUST1982,28,2,Male
"1171 Kim Mount Suite 393, Port Jamesstad, TN 40010",Daniel Roberts,CUST1983,56,2,Female
"554 Jesus Ville, West Patrickchester, IN 12802",Erika Lambert,CUST1984,35,2,Female
"248 Cobb Cape Suite 742, South Madison, AZ 39779",Jason Kline,CUST1985,52,1,Male
"598 Harrison Expressway Apt. 865, Jennymouth, NH 52303",Elizabeth Alvarez,CUST1986,26,2,Female
"865 Ramirez Crest, North Trevor, ME 54619",Alexander Lane,CUST1987,62,1,Male
"5305 Middleton Road Apt. 248, Shaneport, VA 26211",Joseph Vazquez,CUST1988,34,2,Male
"954 Francis Villages Suite 461, North Jameston, UT 48859",Audrey Schmidt,CUST1989,68,4,Female
"00948 Riddle Via Suite 465, West Jessica, VA 23474",Stephen Clark,CUST1990,23,3,Male
"40580 Smith Roads Suite 117, Lozanostad, WI 76567",Ashley Burke,CUST1991,53,1,Male
"0293 Heidi Prairie Apt. 226, Melissaside, GA 98934",Stacy Mcneil,CUST1992,34,2,Female
"872 Tiffany Loop, New Amandaburgh, AR 88540",Ms. Heather Moody MD,CUST1993,67,3,Female
"30457 Potter Causeway Suite 513, Rodriguezfort, MD 97337",William Carroll,CUST1994,49,2,Female
"22796 Koch Greens, Clarkfort, AK 40652",Emily Wilson,CUST1995,61,2,Female
"Unit 4088 Box 3007, DPO AE 00603",Thomas Bender,CUST1996,64,1,Male
"267 Arnold Ramp, Shermanview, NM 10819",Michael Ross,CUST1997,24,1,Female
"PSC 8909, Box 2103, APO AA 71796",Sarah Burns,CUST1998,35,3,Male
"812 Kimberly Field Apt. 091, New Jacqueline, NE 17310",Amanda Porter,CUST1999,52,3,Male
